ticker,event_ticker,market_type,title,subtitle,yes_sub_title,no_sub_title,open_time,close_time,expected_expiration_time,expiration_time,latest_expiration_time,settlement_timer_seconds,status,response_price_units,notional_value,notional_value_dollars,yes_bid,yes_bid_dollars,yes_ask,yes_ask_dollars,no_bid,no_bid_dollars,no_ask,no_ask_dollars,last_price,last_price_dollars,previous_yes_bid,previous_yes_bid_dollars,previous_yes_ask,previous_yes_ask_dollars,previous_price,previous_price_dollars,volume,volume_24h,liquidity,liquidity_dollars,open_interest,result,settlement_value,settlement_value_dollars,can_close_early,expiration_value,category,risk_limit_cents,strike_type,floor_strike,rules_primary,rules_secondary,early_close_condition,tick_size,custom_strike,cap_strike,fee_waiver_expiration_time
FEDFACILITY-24,FEDFACILITY-24,binary,New emergency Fed lending program in 2024?,In 2024,In 2024,Not In 2024,2024-03-15T12:00:00Z,2025-01-01T04:59:00Z,2024-12-31T15:00:00Z,2025-01-01T15:00:00Z,2025-01-01T15:00:00Z,3600,finalized,usd_cent,100,1.0,0,0.0,1,0.01,99,0.99,100,1.0,1,0.01,0,0.0,1,0.01,1,0.01,5734,0,0,0.0,2547,no,0.0,,True,No,,0,,,"If the Federal Reserve creates a new emergency lending program or facility by 2024, then the market resolves to Yes.",,"If this event occurs, the market will close the following 10am ET.",1,,,
KXRATECUTCOUNT-25DEC31-T0,KXRATECUTCOUNT-25DEC31,binary,Will the Fed cut rates 0 times?,0:: 0 bps,Exactly 0 cuts,Exactly 0 cuts,2024-12-20T15:00:00Z,2025-09-18T15:58:24.020448Z,2025-12-31T15:00:00Z,2026-01-01T15:00:00Z,2026-01-01T15:00:00Z,3600,settled,usd_cent,100,1.0,0,0.0,100,1.0,0,0.0,100,1.0,1,0.01,0,0.0,100,1.0,1,0.01,2670426,0,1819383,18193.83,861297,no,0.0,,True,No,,0,between,0.0,"If the Fed cuts 0 times before 2026, the market resolves to Yes.","To be clear, 25bp of cuts is equal to one cut (so 25bp cut is 1, 50bp cut is 2, 75bp cut is 3, and so on). Note: this detail has been included in past iterations including the previous iteration titled, ""Number of rate cuts in 2024?""",,1,,0.0,
RATECUTCOUNT-24DEC31-T14,RATECUTCOUNT-24DEC31,binary,Will the Fed cut rates 14 times?,14 or more:: 350bps or more,14 or more,Outside 14 or more,2023-12-14T21:45:00Z,2025-01-01T04:59:00Z,2024-12-31T15:00:00Z,2025-01-01T15:00:00Z,2025-01-01T15:00:00Z,3600,finalized,usd_cent,100,1.0,0,0.0,1,0.01,99,0.99,100,1.0,1,0.01,0,0.0,1,0.01,1,0.01,159578,0,-1136,-11.36,81261,no,0.0,,True,,,0,greater,13.0,"If the Fed does exactly 14 or more cuts of 25 basis points in 2024, the market resolves to Yes.","To be clear, 25bp of cuts is equal to one cut (so 25bp cut is 1, 50bp cut is 2, 75bp cut is 3, and so on). Note: the original filing had a typographical error that referred to a 25bp cut as an ""increase"" in the federal funds rate. This has been changed.",,1,,,
RATECUTCOUNT-24DEC31-T13,RATECUTCOUNT-24DEC31,binary,Will the Fed cut rates 13 times?,13 cuts :: 325bps,13 cuts,Outside 13 cuts,2023-12-14T21:45:00Z,2025-01-01T04:59:00Z,2024-12-31T15:00:00Z,2025-01-01T15:00:00Z,2025-01-01T15:00:00Z,3600,finalized,usd_cent,100,1.0,0,0.0,1,0.01,99,0.99,100,1.0,1,0.01,0,0.0,1,0.01,1,0.01,53555,0,2709,27.09,46455,no,0.0,,True,,,0,between,13.0,"If the Fed does exactly 13 cuts of 25 basis points in 2024, the market resolves to Yes.","To be clear, 25bp of cuts is equal to one cut (so 25bp cut is 1, 50bp cut is 2, 75bp cut is 3, and so on). Note: the original filing had a typographical error that referred to a 25bp cut as an ""increase"" in the federal funds rate. This has been changed.",,1,,13.0,
RATECUTCOUNT-24DEC31-T9,RATECUTCOUNT-24DEC31,binary,Will the Fed cut rates 9 times?,9 cuts :: 225bps,9 cuts,Outside 9 cuts,2023-12-14T21:45:00Z,2025-01-01T04:59:00Z,2024-12-31T15:00:00Z,2025-01-01T15:00:00Z,2025-01-01T15:00:00Z,3600,finalized,usd_cent,100,1.0,0,0.0,1,0.01,99,0.99,100,1.0,1,0.01,0,0.0,1,0.01,1,0.01,109775,0,54,0.54,69156,no,0.0,,True,,,0,between,9.0,"If the Fed does exactly 9 cuts of 25 basis points in 2024, the market resolves to Yes.","To be clear, 25bp of cuts is equal to one cut (so 25bp cut is 1, 50bp cut is 2, 75bp cut is 3, and so on). Note: the original filing had a typographical error that referred to a 25bp cut as an ""increase"" in the federal funds rate. This has been changed.",,1,,9.0,
RATECUTCOUNT-24DEC31-T8,RATECUTCOUNT-24DEC31,binary,Will the Fed cut rates 8 times?,8 cuts :: 200bps,8 cuts,Outside 8 cuts,2023-12-14T21:45:00Z,2025-01-01T04:59:00Z,2024-12-31T15:00:00Z,2025-01-01T15:00:00Z,2025-01-01T15:00:00Z,3600,finalized,usd_cent,100,1.0,0,0.0,1,0.01,99,0.99,100,1.0,1,0.01,0,0.0,1,0.01,1,0.01,237000,0,-1136,-11.36,125570,no,0.0,,True,,,0,between,8.0,"If the Fed does exactly 8 cuts of 25 basis points in 2024, the market resolves to Yes.","To be clear, 25bp of cuts is equal to one cut (so 25bp cut is 1, 50bp cut is 2, 75bp cut is 3, and so on). Note: the original filing had a typographical error that referred to a 25bp cut as an ""increase"" in the federal funds rate. This has been changed.",,1,,8.0,
RATECUTCOUNT-24DEC31-T7,RATECUTCOUNT-24DEC31,binary,Will the Fed cut rates 7 times?,7 cuts :: 175bps,7 cuts,Outside 7 cuts,2023-12-14T21:45:00Z,2025-01-01T04:59:00Z,2024-12-31T15:00:00Z,2025-01-01T15:00:00Z,2025-01-01T15:00:00Z,3600,finalized,usd_cent,100,1.0,0,0.0,1,0.01,99,0.99,100,1.0,1,0.01,0,0.0,1,0.01,1,0.01,346620,0,-296,-2.96,116680,no,0.0,,True,,,0,between,7.0,"If the Fed does exactly 7 cuts of 25 basis points in 2024, the market resolves to Yes.","To be clear, 25bp of cuts is equal to one cut (so 25bp cut is 1, 50bp cut is 2, 75bp cut is 3, and so on). Note: the original filing had a typographical error that referred to a 25bp cut as an ""increase"" in the federal funds rate. This has been changed.",,1,,7.0,
RATECUTCOUNT-24DEC31-T6,RATECUTCOUNT-24DEC31,binary,Will the Fed cut rates 6 times?,6 cuts :: 150bps,6 cuts,Outside 6 cuts,2023-12-14T21:45:00Z,2025-01-01T04:59:00Z,2024-12-31T15:00:00Z,2025-01-01T15:00:00Z,2025-01-01T15:00:00Z,3600,finalized,usd_cent,100,1.0,0,0.0,1,0.01,99,0.99,100,1.0,1,0.01,0,0.0,1,0.01,1,0.01,542728,0,2709,27.09,151767,no,0.0,,True,,,0,between,6.0,"If the Fed does exactly 6 cuts of 25 basis points in 2024, the market resolves to Yes.","To be clear, 25bp of cuts is equal to one cut (so 25bp cut is 1, 50bp cut is 2, 75bp cut is 3, and so on). Note: the original filing had a typographical error that referred to a 25bp cut as an ""increase"" in the federal funds rate. This has been changed.",,1,,6.0,
RATECUTCOUNT-24DEC31-T5,RATECUTCOUNT-24DEC31,binary,Will the Fed cut rates 5 times?,5 cuts :: 125bps,5 cuts,Outside 5 cuts,2023-12-14T21:45:00Z,2025-01-01T04:59:00Z,2024-12-31T15:00:00Z,2025-01-01T15:00:00Z,2025-01-01T15:00:00Z,3600,finalized,usd_cent,100,1.0,0,0.0,1,0.01,99,0.99,100,1.0,1,0.01,0,0.0,1,0.01,1,0.01,539526,0,4194,41.94,150345,no,0.0,,True,,,0,between,5.0,"If the Fed does exactly 5 cuts of 25 basis points in 2024, the market resolves to Yes.","To be clear, 25bp of cuts is equal to one cut (so 25bp cut is 1, 50bp cut is 2, 75bp cut is 3, and so on). Note: the original filing had a typographical error that referred to a 25bp cut as an ""increase"" in the federal funds rate. This has been changed.",,1,,5.0,
RATECUTCOUNT-24DEC31-T4,RATECUTCOUNT-24DEC31,binary,Will the Fed cut rates 4 times?,4 cuts :: 100bps,4 cuts,Outside 4 cuts,2023-12-14T21:45:00Z,2025-01-01T04:59:00Z,2024-12-31T15:00:00Z,2025-01-01T15:00:00Z,2025-01-01T15:00:00Z,3600,finalized,usd_cent,100,1.0,99,0.99,100,1.0,0,0.0,1,0.01,99,0.99,99,0.99,100,1.0,99,0.99,815999,0,35035,350.35,231208,yes,100.0,1.0,True,4 cuts,,0,between,4.0,"If the Fed does exactly 4 cuts of 25 basis points in 2024, the market resolves to Yes.","To be clear, 25bp of cuts is equal to one cut (so 25bp cut is 1, 50bp cut is 2, 75bp cut is 3, and so on). Note: the original filing had a typographical error that referred to a 25bp cut as an ""increase"" in the federal funds rate. This has been changed.",,1,,4.0,
RATECUTCOUNT-24DEC31-T3,RATECUTCOUNT-24DEC31,binary,Will the Fed cut rates 3 times?,3 cuts :: 75bps,3 cuts,Outside 3 cuts,2023-12-14T21:45:00Z,2025-01-01T04:59:00Z,2024-12-31T15:00:00Z,2025-01-01T15:00:00Z,2025-01-01T15:00:00Z,3600,finalized,usd_cent,100,1.0,0,0.0,1,0.01,99,0.99,100,1.0,2,0.02,0,0.0,1,0.01,2,0.02,1359901,0,110951,1109.51,292039,no,0.0,,True,,,0,between,3.0,"If the Fed does exactly 3 cuts of 25 basis points in 2024, the market resolves to Yes.","To be clear, 25bp of cuts is equal to one cut (so 25bp cut is 1, 50bp cut is 2, 75bp cut is 3, and so on). Note: the original filing had a typographical error that referred to a 25bp cut as an ""increase"" in the federal funds rate. This has been changed.",,1,,3.0,
RATECUTCOUNT-24DEC31-T2,RATECUTCOUNT-24DEC31,binary,Will the Fed cut rates 2 times?,2 cuts :: 50bps,2 cuts,Outside 2 cuts,2023-12-14T21:45:00Z,2025-01-01T04:59:00Z,2024-12-31T15:00:00Z,2025-01-01T15:00:00Z,2025-01-01T15:00:00Z,3600,finalized,usd_cent,100,1.0,0,0.0,1,0.01,99,0.99,100,1.0,1,0.01,0,0.0,1,0.01,1,0.01,706254,0,3899,38.99,212721,no,0.0,,True,,,0,between,2.0,"If the Fed does exactly 2 cuts of 25 basis points in 2024, the market resolves to Yes.","To be clear, 25bp of cuts is equal to one cut (so 25bp cut is 1, 50bp cut is 2, 75bp cut is 3, and so on). Note: the original filing had a typographical error that referred to a 25bp cut as an ""increase"" in the federal funds rate. This has been changed.",,1,,2.0,
RATECUTCOUNT-24DEC31-T12,RATECUTCOUNT-24DEC31,binary,Will the Fed cut rates 12 times?,12 cuts :: 300bps,12 cuts,Outside 12 cuts,2023-12-14T21:45:00Z,2025-01-01T04:59:00Z,2024-12-31T15:00:00Z,2025-01-01T15:00:00Z,2025-01-01T15:00:00Z,3600,finalized,usd_cent,100,1.0,0,0.0,1,0.01,99,0.99,100,1.0,1,0.01,0,0.0,1,0.01,1,0.01,63714,0,2709,27.09,53611,no,0.0,,True,,,0,between,12.0,"If the Fed does exactly 12 cuts of 25 basis points in 2024, the market resolves to Yes.","To be clear, 25bp of cuts is equal to one cut (so 25bp cut is 1, 50bp cut is 2, 75bp cut is 3, and so on). Note: the original filing had a typographical error that referred to a 25bp cut as an ""increase"" in the federal funds rate. This has been changed.",,1,,12.0,
RATECUTCOUNT-24DEC31-T11,RATECUTCOUNT-24DEC31,binary,Will the Fed cut rates 11 times?,11 cuts :: 275bps,11 cuts,Outside 11 cuts,2023-12-14T21:45:00Z,2025-01-01T04:59:00Z,2024-12-31T15:00:00Z,2025-01-01T15:00:00Z,2025-01-01T15:00:00Z,3600,finalized,usd_cent,100,1.0,0,0.0,1,0.01,99,0.99,100,1.0,1,0.01,0,0.0,1,0.01,1,0.01,55315,0,4283,42.83,47315,no,0.0,,True,,,0,between,11.0,"If the Fed does exactly 11 cuts of 25 basis points in 2024, the market resolves to Yes.","To be clear, 25bp of cuts is equal to one cut (so 25bp cut is 1, 50bp cut is 2, 75bp cut is 3, and so on). Note: the original filing had a typographical error that referred to a 25bp cut as an ""increase"" in the federal funds rate. This has been changed.",,1,,11.0,
RATECUTCOUNT-24DEC31-T10,RATECUTCOUNT-24DEC31,binary,Will the Fed cut rates 10 times?,10 cuts :: 250bps,10 cuts,Outside 10 cuts,2023-12-14T21:45:00Z,2025-01-01T04:59:00Z,2024-12-31T15:00:00Z,2025-01-01T15:00:00Z,2025-01-01T15:00:00Z,3600,finalized,usd_cent,100,1.0,0,0.0,1,0.01,99,0.99,100,1.0,1,0.01,0,0.0,1,0.01,1,0.01,67322,0,0,0.0,54958,no,0.0,,True,,,0,between,10.0,"If the Fed does exactly 10 cuts of 25 basis points in 2024, the market resolves to Yes.","To be clear, 25bp of cuts is equal to one cut (so 25bp cut is 1, 50bp cut is 2, 75bp cut is 3, and so on). Note: the original filing had a typographical error that referred to a 25bp cut as an ""increase"" in the federal funds rate. This has been changed.",,1,,10.0,
RATECUTCOUNT-24DEC31-T1,RATECUTCOUNT-24DEC31,binary,Will the Fed cut rates 1 times?,1 cut :: 25bps,1 cut,Outside 1 cut,2023-12-14T21:45:00Z,2025-01-01T04:59:00Z,2024-12-31T15:00:00Z,2025-01-01T15:00:00Z,2025-01-01T15:00:00Z,3600,finalized,usd_cent,100,1.0,0,0.0,1,0.01,99,0.99,100,1.0,1,0.01,0,0.0,1,0.01,1,0.01,709852,0,1524,15.24,223961,no,0.0,,True,,,0,between,1.0,"If the Fed does exactly 1 cuts of 25 basis points in 2024, the market resolves to Yes.","To be clear, 25bp of cuts is equal to one cut (so 25bp cut is 1, 50bp cut is 2, 75bp cut is 3, and so on). Note: the original filing had a typographical error that referred to a 25bp cut as an ""increase"" in the federal funds rate. This has been changed.",,1,,1.0,
RATECUTCOUNT-24DEC31-T0,RATECUTCOUNT-24DEC31,binary,Will the Fed cut rates 0 times?,0 cuts:: 0 bps,0 cuts,Outside 0 cuts,2023-12-14T21:45:00Z,2025-01-01T04:59:00Z,2024-12-31T15:00:00Z,2025-01-01T15:00:00Z,2025-01-01T15:00:00Z,3600,finalized,usd_cent,100,1.0,0,0.0,1,0.01,99,0.99,100,1.0,1,0.01,0,0.0,1,0.01,1,0.01,841936,0,334,3.34,230235,no,0.0,,True,,,0,between,0.0,"If the Fed does exactly 0 cuts of 25 basis points in 2024, the market resolves to Yes.","To be clear, 25bp of cuts is equal to one cut (so 25bp cut is 1, 50bp cut is 2, 75bp cut is 3, and so on). Note: the original filing had a typographical error that referred to a 25bp cut as an ""increase"" in the federal funds rate. This has been changed.",,1,,0.0,
FED-25SEP-T5.25,FED-25SEP,binary,"Will the upper bound of the federal funds rate be above 5.25% following the Fed's Sep 17, 2025 meeting?",5.25%,Above 5.25%,Above 5.25%,2024-08-21T14:00:00Z,2025-09-17T17:55:00Z,2025-09-17T18:05:00Z,2025-09-24T18:05:00Z,2025-09-24T18:05:00Z,0,finalized,usd_cent,100,1.0,0,0.0,100,1.0,0,0.0,100,1.0,1,0.01,0,0.0,100,1.0,1,0.01,221,0,-197278,-1972.78,159,no,0.0,,True,4.25,,0,greater,5.25,"If the upper bound of the target federal funds rate published on the Federal Reserve's official website is greater than 5.25% following the Federal Reserve's Sep 17, 2025 meeting, then the market resolves to Yes.","This market will expire the first 2:05 PM ET following the release of a Federal Reserve statement for their Sep 17, 2025 meeting or one week following the last day of that meeting.",,1,,,
FED-25SEP-T5.00,FED-25SEP,binary,"Will the upper bound of the federal funds rate be above 5.00% following the Fed's Sep 17, 2025 meeting?",5.00%,Above 5.00%,Above 5.00%,2024-08-21T14:00:00Z,2025-09-17T17:55:00Z,2025-09-17T18:05:00Z,2025-09-24T18:05:00Z,2025-09-24T18:05:00Z,0,finalized,usd_cent,100,1.0,0,0.0,100,1.0,0,0.0,100,1.0,1,0.01,0,0.0,100,1.0,1,0.01,1665,0,-218044,-2180.44,1583,no,0.0,,True,4.25,,0,greater,5.0,"If the upper bound of the target federal funds rate published on the Federal Reserve's official website is greater than 5.00% following the Federal Reserve's Sep 17, 2025 meeting, then the market resolves to Yes.","This market will expire the first 2:05 PM ET following the release of a Federal Reserve statement for their Sep 17, 2025 meeting or one week following the last day of that meeting.",,1,,,
FED-25SEP-T4.75,FED-25SEP,binary,"Will the upper bound of the federal funds rate be above 4.75% following the Fed's Sep 17, 2025 meeting?",4.75%,Above 4.75%,Above 4.75%,2024-08-21T14:00:00Z,2025-09-17T17:55:00Z,2025-09-17T18:05:00Z,2025-09-24T18:05:00Z,2025-09-24T18:05:00Z,0,finalized,usd_cent,100,1.0,0,0.0,100,1.0,0,0.0,100,1.0,48,0.48,0,0.0,100,1.0,48,0.48,27270,0,100672,1006.72,23388,no,0.0,,True,4.25,,0,greater,4.75,"If the upper bound of the target federal funds rate published on the Federal Reserve's official website is greater than 4.75% following the Federal Reserve's Sep 17, 2025 meeting, then the market resolves to Yes.","This market will expire the first 2:05 PM ET following the release of a Federal Reserve statement for their Sep 17, 2025 meeting or one week following the last day of that meeting.",,1,,,
FED-25SEP-T4.50,FED-25SEP,binary,"Will the upper bound of the federal funds rate be above 4.50% following the Fed's Sep 17, 2025 meeting?",4.50%,Above 4.50%,Above 4.50%,2024-08-21T14:00:00Z,2025-09-17T17:55:00Z,2025-09-17T18:05:00Z,2025-09-24T18:05:00Z,2025-09-24T18:05:00Z,0,finalized,usd_cent,100,1.0,0,0.0,100,1.0,0,0.0,100,1.0,1,0.01,0,0.0,100,1.0,1,0.01,389905,0,-337776,-3377.76,201234,no,0.0,,True,4.25,,0,greater,4.5,"If the upper bound of the target federal funds rate published on the Federal Reserve's official website is greater than 4.50% following the Federal Reserve's Sep 17, 2025 meeting, then the market resolves to Yes.","This market will expire the first 2:05 PM ET following the release of a Federal Reserve statement for their Sep 17, 2025 meeting or one week following the last day of that meeting.",,1,,,
FED-25SEP-T4.25,FED-25SEP,binary,"Will the upper bound of the federal funds rate be above 4.25% following the Fed's Sep 17, 2025 meeting?",4.25%,Above 4.25%,Above 4.25%,2024-08-21T14:00:00Z,2025-09-17T17:55:00Z,2025-09-17T18:05:00Z,2025-09-24T18:05:00Z,2025-09-24T18:05:00Z,0,finalized,usd_cent,100,1.0,0,0.0,100,1.0,0,0.0,100,1.0,2,0.02,0,0.0,100,1.0,2,0.02,2182903,0,17013278,170132.78,614479,no,0.0,,True,4.25,,0,greater,4.25,"If the upper bound of the target federal funds rate published on the Federal Reserve's official website is greater than 4.25% following the Federal Reserve's Sep 17, 2025 meeting, then the market resolves to Yes.","This market will expire the first 2:05 PM ET following the release of a Federal Reserve statement for their Sep 17, 2025 meeting or one week following the last day of that meeting.",,1,,,
FED-25SEP-T4.00,FED-25SEP,binary,"Will the upper bound of the federal funds rate be above 4.00% following the Fed's Sep 17, 2025 meeting?",4.00%,Above 4.00%,Above 4.00%,2024-08-21T14:00:00Z,2025-09-17T17:55:00Z,2025-09-17T18:05:00Z,2025-09-24T18:05:00Z,2025-09-24T18:05:00Z,0,finalized,usd_cent,100,1.0,0,0.0,100,1.0,0,0.0,100,1.0,94,0.94,0,0.0,100,1.0,94,0.94,983052,0,3555660,35556.6,251505,yes,100.0,1.0,True,4.25,,0,greater,4.0,"If the upper bound of the target federal funds rate published on the Federal Reserve's official website is greater than 4.00% following the Federal Reserve's Sep 17, 2025 meeting, then the market resolves to Yes.","This market will expire the first 2:05 PM ET following the release of a Federal Reserve statement for their Sep 17, 2025 meeting or one week following the last day of that meeting.",,1,,,
FED-25SEP-T3.75,FED-25SEP,binary,"Will the upper bound of the federal funds rate be above 3.75% following the Fed's Sep 17, 2025 meeting?",3.75%,Above 3.75%,Above 3.75%,2024-08-21T14:00:00Z,2025-09-17T17:55:00Z,2025-09-17T18:05:00Z,2025-09-24T18:05:00Z,2025-09-24T18:05:00Z,0,finalized,usd_cent,100,1.0,0,0.0,100,1.0,0,0.0,100,1.0,97,0.97,0,0.0,100,1.0,97,0.97,140199,0,-277017,-2770.17,80981,yes,100.0,1.0,True,4.25,,0,greater,3.75,"If the upper bound of the target federal funds rate published on the Federal Reserve's official website is greater than 3.75% following the Federal Reserve's Sep 17, 2025 meeting, then the market resolves to Yes.","This market will expire the first 2:05 PM ET following the release of a Federal Reserve statement for their Sep 17, 2025 meeting or one week following the last day of that meeting.",,1,,,
FED-25SEP-T3.50,FED-25SEP,binary,"Will the upper bound of the federal funds rate be above 3.50% following the Fed's Sep 17, 2025 meeting?",3.50%,Above 3.50%,Above 3.50%,2024-08-21T14:00:00Z,2025-09-17T17:55:00Z,2025-09-17T18:05:00Z,2025-09-24T18:05:00Z,2025-09-24T18:05:00Z,0,finalized,usd_cent,100,1.0,0,0.0,100,1.0,0,0.0,100,1.0,99,0.99,0,0.0,100,1.0,99,0.99,31876,0,-388289,-3882.89,20414,yes,100.0,1.0,True,4.25,,0,greater,3.5,"If the upper bound of the target federal funds rate published on the Federal Reserve's official website is greater than 3.50% following the Federal Reserve's Sep 17, 2025 meeting, then the market resolves to Yes.","This market will expire the first 2:05 PM ET following the release of a Federal Reserve statement for their Sep 17, 2025 meeting or one week following the last day of that meeting.",,1,,,
FED-25SEP-T3.25,FED-25SEP,binary,"Will the upper bound of the federal funds rate be above 3.25% following the Fed's Sep 17, 2025 meeting?",3.25%,Above 3.25%,Above 3.25%,2024-08-21T14:00:00Z,2025-09-17T17:55:00Z,2025-09-17T18:05:00Z,2025-09-24T18:05:00Z,2025-09-24T18:05:00Z,0,finalized,usd_cent,100,1.0,0,0.0,100,1.0,0,0.0,100,1.0,99,0.99,0,0.0,100,1.0,99,0.99,11344,0,-590400,-5904.0,9326,yes,100.0,1.0,True,4.25,,0,greater,3.25,"If the upper bound of the target federal funds rate published on the Federal Reserve's official website is greater than 3.25% following the Federal Reserve's Sep 17, 2025 meeting, then the market resolves to Yes.","This market will expire the first 2:05 PM ET following the release of a Federal Reserve statement for their Sep 17, 2025 meeting or one week following the last day of that meeting.",,1,,,
FED-25SEP-T3.00,FED-25SEP,binary,"Will the upper bound of the federal funds rate be above 3.00% following the Fed's Sep 17, 2025 meeting?",3.00%,Above 3.00%,Above 3.00%,2024-08-21T14:00:00Z,2025-09-17T17:55:00Z,2025-09-17T18:05:00Z,2025-09-24T18:05:00Z,2025-09-24T18:05:00Z,0,finalized,usd_cent,100,1.0,0,0.0,100,1.0,0,0.0,100,1.0,99,0.99,0,0.0,100,1.0,99,0.99,9834,0,-232582,-2325.82,6826,yes,100.0,1.0,True,4.25,,0,greater,3.0,"If the upper bound of the target federal funds rate published on the Federal Reserve's official website is greater than 3.00% following the Federal Reserve's Sep 17, 2025 meeting, then the market resolves to Yes.","This market will expire the first 2:05 PM ET following the release of a Federal Reserve statement for their Sep 17, 2025 meeting or one week following the last day of that meeting.",,1,,,
FED-25SEP-T2.75,FED-25SEP,binary,"Will the upper bound of the federal funds rate be above 2.75% following the Fed's Sep 17, 2025 meeting?",2.75%,Above 2.75%,Above 2.75%,2024-08-21T14:00:00Z,2025-09-17T17:55:00Z,2025-09-17T18:05:00Z,2025-09-24T18:05:00Z,2025-09-24T18:05:00Z,0,finalized,usd_cent,100,1.0,0,0.0,100,1.0,0,0.0,100,1.0,99,0.99,0,0.0,100,1.0,99,0.99,59331,0,-132345,-1323.45,57331,yes,100.0,1.0,True,4.25,,0,greater,2.75,"If the upper bound of the target federal funds rate published on the Federal Reserve's official website is greater than 2.75% following the Federal Reserve's Sep 17, 2025 meeting, then the market resolves to Yes.","This market will expire the first 2:05 PM ET following the release of a Federal Reserve statement for their Sep 17, 2025 meeting or one week following the last day of that meeting.",,1,,,
FED-25JUL-T5.25,FED-25JUL,binary,"Will the upper bound of the federal funds rate be above 5.25% following the Fed's Jul 30, 2025 meeting?",5.25%,Above 5.25%,Above 5.25%,2024-08-21T14:00:00Z,2025-07-30T17:55:00Z,2025-07-30T18:05:00Z,2025-08-06T18:05:00Z,2025-08-06T18:05:00Z,0,finalized,usd_cent,100,1.0,0,0.0,100,1.0,0,0.0,100,1.0,1,0.01,0,0.0,100,1.0,1,0.01,14776,0,0,0.0,14744,no,0.0,,True,4.50,,0,greater,5.25,"If the upper bound of the target federal funds rate published on the Federal Reserve's official website is greater than 5.25% following the Federal Reserve's Jul 30, 2025 meeting, then the market resolves to Yes.","This market will expire the first 2:05 PM ET following the release of a Federal Reserve statement for their Jul 30, 2025 meeting or one week following the last day of that meeting.",,1,,,
FED-25JUL-T5.00,FED-25JUL,binary,"Will the upper bound of the federal funds rate be above 5.00% following the Fed's Jul 30, 2025 meeting?",5.00%,Above 5.00%,Above 5.00%,2024-08-21T14:00:00Z,2025-07-30T17:55:00Z,2025-07-30T18:05:00Z,2025-08-06T18:05:00Z,2025-08-06T18:05:00Z,0,finalized,usd_cent,100,1.0,0,0.0,100,1.0,0,0.0,100,1.0,1,0.01,0,0.0,100,1.0,1,0.01,6635,0,0,0.0,6635,no,0.0,,True,4.50,,0,greater,5.0,"If the upper bound of the target federal funds rate published on the Federal Reserve's official website is greater than 5.00% following the Federal Reserve's Jul 30, 2025 meeting, then the market resolves to Yes.","This market will expire the first 2:05 PM ET following the release of a Federal Reserve statement for their Jul 30, 2025 meeting or one week following the last day of that meeting.",,1,,,
FED-25JUL-T4.75,FED-25JUL,binary,"Will the upper bound of the federal funds rate be above 4.75% following the Fed's Jul 30, 2025 meeting?",4.75%,Above 4.75%,Above 4.75%,2024-08-21T14:00:00Z,2025-07-30T17:55:00Z,2025-07-30T18:05:00Z,2025-08-06T18:05:00Z,2025-08-06T18:05:00Z,0,finalized,usd_cent,100,1.0,0,0.0,100,1.0,0,0.0,100,1.0,1,0.01,0,0.0,100,1.0,1,0.01,27004,0,1385431,13854.31,26504,no,0.0,,True,4.50,,0,greater,4.75,"If the upper bound of the target federal funds rate published on the Federal Reserve's official website is greater than 4.75% following the Federal Reserve's Jul 30, 2025 meeting, then the market resolves to Yes.","This market will expire the first 2:05 PM ET following the release of a Federal Reserve statement for their Jul 30, 2025 meeting or one week following the last day of that meeting.",,1,,,
FED-25JUL-T4.50,FED-25JUL,binary,"Will the upper bound of the federal funds rate be above 4.50% following the Fed's Jul 30, 2025 meeting?",4.50%,Above 4.50%,Above 4.50%,2024-08-21T14:00:00Z,2025-07-30T17:55:00Z,2025-07-30T18:05:00Z,2025-08-06T18:05:00Z,2025-08-06T18:05:00Z,0,finalized,usd_cent,100,1.0,0,0.0,100,1.0,0,0.0,100,1.0,1,0.01,0,0.0,100,1.0,1,0.01,173893,0,-17560,-175.6,163333,no,0.0,,True,4.50,,0,greater,4.5,"If the upper bound of the target federal funds rate published on the Federal Reserve's official website is greater than 4.50% following the Federal Reserve's Jul 30, 2025 meeting, then the market resolves to Yes.","This market will expire the first 2:05 PM ET following the release of a Federal Reserve statement for their Jul 30, 2025 meeting or one week following the last day of that meeting.",,1,,,
FED-25JUL-T4.25,FED-25JUL,binary,"Will the upper bound of the federal funds rate be above 4.25% following the Fed's Jul 30, 2025 meeting?",4.25%,Above 4.25%,Above 4.25%,2024-08-21T14:00:00Z,2025-07-30T17:55:00Z,2025-07-30T18:05:00Z,2025-08-06T18:05:00Z,2025-08-06T18:05:00Z,0,finalized,usd_cent,100,1.0,0,0.0,100,1.0,0,0.0,100,1.0,97,0.97,0,0.0,100,1.0,97,0.97,1283855,0,13343,133.43,537814,yes,100.0,1.0,True,4.50,,0,greater,4.25,"If the upper bound of the target federal funds rate published on the Federal Reserve's official website is greater than 4.25% following the Federal Reserve's Jul 30, 2025 meeting, then the market resolves to Yes.","This market will expire the first 2:05 PM ET following the release of a Federal Reserve statement for their Jul 30, 2025 meeting or one week following the last day of that meeting.",,1,,,
FED-25JUL-T4.00,FED-25JUL,binary,"Will the upper bound of the federal funds rate be above 4.00% following the Fed's Jul 30, 2025 meeting?",4.00%,Above 4.00%,Above 4.00%,2024-08-21T14:00:00Z,2025-07-30T17:55:00Z,2025-07-30T18:05:00Z,2025-08-06T18:05:00Z,2025-08-06T18:05:00Z,0,finalized,usd_cent,100,1.0,0,0.0,100,1.0,0,0.0,100,1.0,99,0.99,0,0.0,100,1.0,99,0.99,155789,0,287387,2873.87,116294,yes,100.0,1.0,True,4.50,,0,greater,4.0,"If the upper bound of the target federal funds rate published on the Federal Reserve's official website is greater than 4.00% following the Federal Reserve's Jul 30, 2025 meeting, then the market resolves to Yes.","This market will expire the first 2:05 PM ET following the release of a Federal Reserve statement for their Jul 30, 2025 meeting or one week following the last day of that meeting.",,1,,,
FED-25JUL-T3.75,FED-25JUL,binary,"Will the upper bound of the federal funds rate be above 3.75% following the Fed's Jul 30, 2025 meeting?",3.75%,Above 3.75%,Above 3.75%,2024-08-21T14:00:00Z,2025-07-30T17:55:00Z,2025-07-30T18:05:00Z,2025-08-06T18:05:00Z,2025-08-06T18:05:00Z,0,finalized,usd_cent,100,1.0,0,0.0,100,1.0,0,0.0,100,1.0,99,0.99,0,0.0,100,1.0,99,0.99,22994,0,-50747,-507.47,14641,yes,100.0,1.0,True,4.50,,0,greater,3.75,"If the upper bound of the target federal funds rate published on the Federal Reserve's official website is greater than 3.75% following the Federal Reserve's Jul 30, 2025 meeting, then the market resolves to Yes.","This market will expire the first 2:05 PM ET following the release of a Federal Reserve statement for their Jul 30, 2025 meeting or one week following the last day of that meeting.",,1,,,
FED-25JUL-T3.50,FED-25JUL,binary,"Will the upper bound of the federal funds rate be above 3.50% following the Fed's Jul 30, 2025 meeting?",3.50%,Above 3.50%,Above 3.50%,2024-08-21T14:00:00Z,2025-07-30T17:55:00Z,2025-07-30T18:05:00Z,2025-08-06T18:05:00Z,2025-08-06T18:05:00Z,0,finalized,usd_cent,100,1.0,0,0.0,100,1.0,0,0.0,100,1.0,99,0.99,0,0.0,100,1.0,99,0.99,14829,0,-26232,-262.32,13280,yes,100.0,1.0,True,4.50,,0,greater,3.5,"If the upper bound of the target federal funds rate published on the Federal Reserve's official website is greater than 3.50% following the Federal Reserve's Jul 30, 2025 meeting, then the market resolves to Yes.","This market will expire the first 2:05 PM ET following the release of a Federal Reserve statement for their Jul 30, 2025 meeting or one week following the last day of that meeting.",,1,,,
FED-25JUL-T3.25,FED-25JUL,binary,"Will the upper bound of the federal funds rate be above 3.25% following the Fed's Jul 30, 2025 meeting?",3.25%,Above 3.25%,Above 3.25%,2024-08-21T14:00:00Z,2025-07-30T17:55:00Z,2025-07-30T18:05:00Z,2025-08-06T18:05:00Z,2025-08-06T18:05:00Z,0,finalized,usd_cent,100,1.0,0,0.0,100,1.0,0,0.0,100,1.0,99,0.99,0,0.0,100,1.0,99,0.99,13956,0,75,0.75,9129,yes,100.0,1.0,True,4.50,,0,greater,3.25,"If the upper bound of the target federal funds rate published on the Federal Reserve's official website is greater than 3.25% following the Federal Reserve's Jul 30, 2025 meeting, then the market resolves to Yes.","This market will expire the first 2:05 PM ET following the release of a Federal Reserve statement for their Jul 30, 2025 meeting or one week following the last day of that meeting.",,1,,,
FED-25JUL-T3.00,FED-25JUL,binary,"Will the upper bound of the federal funds rate be above 3.00% following the Fed's Jul 30, 2025 meeting?",3.00%,Above 3.00%,Above 3.00%,2024-08-21T14:00:00Z,2025-07-30T17:55:00Z,2025-07-30T18:05:00Z,2025-08-06T18:05:00Z,2025-08-06T18:05:00Z,0,finalized,usd_cent,100,1.0,0,0.0,100,1.0,0,0.0,100,1.0,99,0.99,0,0.0,100,1.0,99,0.99,17883,0,7953,79.53,7753,yes,100.0,1.0,True,4.50,,0,greater,3.0,"If the upper bound of the target federal funds rate published on the Federal Reserve's official website is greater than 3.00% following the Federal Reserve's Jul 30, 2025 meeting, then the market resolves to Yes.","This market will expire the first 2:05 PM ET following the release of a Federal Reserve statement for their Jul 30, 2025 meeting or one week following the last day of that meeting.",,1,,,
FED-25JUL-T2.75,FED-25JUL,binary,"Will the upper bound of the federal funds rate be above 2.75% following the Fed's Jul 30, 2025 meeting?",2.75%,Above 2.75%,Above 2.75%,2024-08-21T14:00:00Z,2025-07-30T17:55:00Z,2025-07-30T18:05:00Z,2025-08-06T18:05:00Z,2025-08-06T18:05:00Z,0,finalized,usd_cent,100,1.0,0,0.0,100,1.0,0,0.0,100,1.0,99,0.99,0,0.0,100,1.0,99,0.99,85746,0,854192,8541.92,43866,yes,100.0,1.0,True,4.50,,0,greater,2.75,"If the upper bound of the target federal funds rate published on the Federal Reserve's official website is greater than 2.75% following the Federal Reserve's Jul 30, 2025 meeting, then the market resolves to Yes.","This market will expire the first 2:05 PM ET following the release of a Federal Reserve statement for their Jul 30, 2025 meeting or one week following the last day of that meeting.",,1,,,
FED-25JUN-T5.25,FED-25JUN,binary,"Will the upper bound of the federal funds rate be above 5.25% following the Fed's Jun 18, 2025 meeting?",5.25%,Above 5.25%,Above 5.25%,2024-08-21T14:00:00Z,2025-06-18T17:55:00Z,2025-06-18T18:05:00Z,2025-06-25T18:05:00Z,2025-06-25T18:05:00Z,0,finalized,usd_cent,100,1.0,0,0.0,100,1.0,0,0.0,100,1.0,1,0.01,0,0.0,100,1.0,1,0.01,15409,0,3224,32.24,15359,no,0.0,,True,4.50,,0,greater,5.25,"If the upper bound of the target federal funds rate published on the Federal Reserve's official website is greater than 5.25% following the Federal Reserve's Jun 18, 2025 meeting, then the market resolves to Yes.","This market will expire the first 2:05 PM ET following the release of a Federal Reserve statement for their Jun 18, 2025 meeting or one week following the last day of that meeting.",,1,,,
FED-25JUN-T5.00,FED-25JUN,binary,"Will the upper bound of the federal funds rate be above 5.00% following the Fed's Jun 18, 2025 meeting?",5.00%,Above 5.00%,Above 5.00%,2024-08-21T14:00:00Z,2025-06-18T17:55:00Z,2025-06-18T18:05:00Z,2025-06-25T18:05:00Z,2025-06-25T18:05:00Z,0,finalized,usd_cent,100,1.0,0,0.0,100,1.0,0,0.0,100,1.0,1,0.01,0,0.0,100,1.0,1,0.01,15185,0,-156509,-1565.09,15035,no,0.0,,True,4.50,,0,greater,5.0,"If the upper bound of the target federal funds rate published on the Federal Reserve's official website is greater than 5.00% following the Federal Reserve's Jun 18, 2025 meeting, then the market resolves to Yes.","This market will expire the first 2:05 PM ET following the release of a Federal Reserve statement for their Jun 18, 2025 meeting or one week following the last day of that meeting.",,1,,,
FED-25JUN-T4.75,FED-25JUN,binary,"Will the upper bound of the federal funds rate be above 4.75% following the Fed's Jun 18, 2025 meeting?",4.75%,Above 4.75%,Above 4.75%,2024-08-21T14:00:00Z,2025-06-18T17:55:00Z,2025-06-18T18:05:00Z,2025-06-25T18:05:00Z,2025-06-25T18:05:00Z,0,finalized,usd_cent,100,1.0,0,0.0,100,1.0,0,0.0,100,1.0,1,0.01,0,0.0,100,1.0,1,0.01,24489,0,0,0.0,22745,no,0.0,,True,4.50,,0,greater,4.75,"If the upper bound of the target federal funds rate published on the Federal Reserve's official website is greater than 4.75% following the Federal Reserve's Jun 18, 2025 meeting, then the market resolves to Yes.","This market will expire the first 2:05 PM ET following the release of a Federal Reserve statement for their Jun 18, 2025 meeting or one week following the last day of that meeting.",,1,,,
FED-25JUN-T4.50,FED-25JUN,binary,"Will the upper bound of the federal funds rate be above 4.50% following the Fed's Jun 18, 2025 meeting?",4.50%,Above 4.50%,Above 4.50%,2024-08-21T14:00:00Z,2025-06-18T17:55:00Z,2025-06-18T18:05:00Z,2025-06-25T18:05:00Z,2025-06-25T18:05:00Z,0,finalized,usd_cent,100,1.0,0,0.0,100,1.0,0,0.0,100,1.0,1,0.01,0,0.0,100,1.0,1,0.01,457475,0,13434,134.34,302455,no,0.0,,True,4.50,,0,greater,4.5,"If the upper bound of the target federal funds rate published on the Federal Reserve's official website is greater than 4.50% following the Federal Reserve's Jun 18, 2025 meeting, then the market resolves to Yes.","This market will expire the first 2:05 PM ET following the release of a Federal Reserve statement for their Jun 18, 2025 meeting or one week following the last day of that meeting.",,1,,,
FED-25JUN-T4.25,FED-25JUN,binary,"Will the upper bound of the federal funds rate be above 4.25% following the Fed's Jun 18, 2025 meeting?",4.25%,Above 4.25%,Above 4.25%,2024-08-21T14:00:00Z,2025-06-18T17:55:00Z,2025-06-18T18:05:00Z,2025-06-25T18:05:00Z,2025-06-25T18:05:00Z,0,finalized,usd_cent,100,1.0,0,0.0,100,1.0,0,0.0,100,1.0,98,0.98,0,0.0,100,1.0,98,0.98,747523,0,-148301,-1483.01,385763,yes,100.0,1.0,True,4.50,,0,greater,4.25,"If the upper bound of the target federal funds rate published on the Federal Reserve's official website is greater than 4.25% following the Federal Reserve's Jun 18, 2025 meeting, then the market resolves to Yes.","This market will expire the first 2:05 PM ET following the release of a Federal Reserve statement for their Jun 18, 2025 meeting or one week following the last day of that meeting.",,1,,,
FED-25JUN-T4.00,FED-25JUN,binary,"Will the upper bound of the federal funds rate be above 4.00% following the Fed's Jun 18, 2025 meeting?",4.00%,Above 4.00%,Above 4.00%,2024-08-21T14:00:00Z,2025-06-18T17:55:00Z,2025-06-18T18:05:00Z,2025-06-25T18:05:00Z,2025-06-25T18:05:00Z,0,finalized,usd_cent,100,1.0,0,0.0,100,1.0,0,0.0,100,1.0,99,0.99,0,0.0,100,1.0,99,0.99,199707,0,74381,743.81,90602,yes,100.0,1.0,True,4.50,,0,greater,4.0,"If the upper bound of the target federal funds rate published on the Federal Reserve's official website is greater than 4.00% following the Federal Reserve's Jun 18, 2025 meeting, then the market resolves to Yes.","This market will expire the first 2:05 PM ET following the release of a Federal Reserve statement for their Jun 18, 2025 meeting or one week following the last day of that meeting.",,1,,,
FED-25JUN-T3.75,FED-25JUN,binary,"Will the upper bound of the federal funds rate be above 3.75% following the Fed's Jun 18, 2025 meeting?",3.75%,Above 3.75%,Above 3.75%,2024-08-21T14:00:00Z,2025-06-18T17:55:00Z,2025-06-18T18:05:00Z,2025-06-25T18:05:00Z,2025-06-25T18:05:00Z,0,finalized,usd_cent,100,1.0,0,0.0,100,1.0,0,0.0,100,1.0,99,0.99,0,0.0,100,1.0,99,0.99,44605,0,-3794,-37.94,33247,yes,100.0,1.0,True,4.50,,0,greater,3.75,"If the upper bound of the target federal funds rate published on the Federal Reserve's official website is greater than 3.75% following the Federal Reserve's Jun 18, 2025 meeting, then the market resolves to Yes.","This market will expire the first 2:05 PM ET following the release of a Federal Reserve statement for their Jun 18, 2025 meeting or one week following the last day of that meeting.",,1,,,
FED-25JUN-T3.50,FED-25JUN,binary,"Will the upper bound of the federal funds rate be above 3.50% following the Fed's Jun 18, 2025 meeting?",3.50%,Above 3.50%,Above 3.50%,2024-08-21T14:00:00Z,2025-06-18T17:55:00Z,2025-06-18T18:05:00Z,2025-06-25T18:05:00Z,2025-06-25T18:05:00Z,0,finalized,usd_cent,100,1.0,0,0.0,100,1.0,0,0.0,100,1.0,99,0.99,0,0.0,100,1.0,99,0.99,32812,0,5209,52.09,30012,yes,100.0,1.0,True,4.50,,0,greater,3.5,"If the upper bound of the target federal funds rate published on the Federal Reserve's official website is greater than 3.50% following the Federal Reserve's Jun 18, 2025 meeting, then the market resolves to Yes.","This market will expire the first 2:05 PM ET following the release of a Federal Reserve statement for their Jun 18, 2025 meeting or one week following the last day of that meeting.",,1,,,
FED-25JUN-T3.25,FED-25JUN,binary,"Will the upper bound of the federal funds rate be above 3.25% following the Fed's Jun 18, 2025 meeting?",3.25%,Above 3.25%,Above 3.25%,2024-08-21T14:00:00Z,2025-06-18T17:55:00Z,2025-06-18T18:05:00Z,2025-06-25T18:05:00Z,2025-06-25T18:05:00Z,0,finalized,usd_cent,100,1.0,0,0.0,100,1.0,0,0.0,100,1.0,99,0.99,0,0.0,100,1.0,99,0.99,93034,0,0,0.0,88282,yes,100.0,1.0,True,4.50,,0,greater,3.25,"If the upper bound of the target federal funds rate published on the Federal Reserve's official website is greater than 3.25% following the Federal Reserve's Jun 18, 2025 meeting, then the market resolves to Yes.","This market will expire the first 2:05 PM ET following the release of a Federal Reserve statement for their Jun 18, 2025 meeting or one week following the last day of that meeting.",,1,,,
FED-25JUN-T3.00,FED-25JUN,binary,"Will the upper bound of the federal funds rate be above 3.00% following the Fed's Jun 18, 2025 meeting?",3.00%,Above 3.00%,Above 3.00%,2024-08-21T14:00:00Z,2025-06-18T17:55:00Z,2025-06-18T18:05:00Z,2025-06-25T18:05:00Z,2025-06-25T18:05:00Z,0,finalized,usd_cent,100,1.0,0,0.0,100,1.0,0,0.0,100,1.0,99,0.99,0,0.0,100,1.0,99,0.99,29090,0,-1100,-11.0,18690,yes,100.0,1.0,True,4.50,,0,greater,3.0,"If the upper bound of the target federal funds rate published on the Federal Reserve's official website is greater than 3.00% following the Federal Reserve's Jun 18, 2025 meeting, then the market resolves to Yes.","This market will expire the first 2:05 PM ET following the release of a Federal Reserve statement for their Jun 18, 2025 meeting or one week following the last day of that meeting.",,1,,,
FED-25JUN-T2.75,FED-25JUN,binary,"Will the upper bound of the federal funds rate be above 2.75% following the Fed's Jun 18, 2025 meeting?",2.75%,Above 2.75%,Above 2.75%,2024-08-21T14:00:00Z,2025-06-18T17:55:00Z,2025-06-18T18:05:00Z,2025-06-25T18:05:00Z,2025-06-25T18:05:00Z,0,finalized,usd_cent,100,1.0,0,0.0,100,1.0,0,0.0,100,1.0,99,0.99,0,0.0,100,1.0,99,0.99,58724,0,4900,49.0,52714,yes,100.0,1.0,True,4.50,,0,greater,2.75,"If the upper bound of the target federal funds rate published on the Federal Reserve's official website is greater than 2.75% following the Federal Reserve's Jun 18, 2025 meeting, then the market resolves to Yes.","This market will expire the first 2:05 PM ET following the release of a Federal Reserve statement for their Jun 18, 2025 meeting or one week following the last day of that meeting.",,1,,,
FED-25MAY-T5.25,FED-25MAY,binary,"Will the upper bound of the federal funds rate be above 5.25% following the Fed's May 7, 2025 meeting?",5.25%,Above 5.25%,Above 5.25%,2024-08-21T14:00:00Z,2025-05-07T17:55:00Z,2025-05-07T18:05:00Z,2025-05-14T18:05:00Z,2025-05-14T18:05:00Z,0,finalized,usd_cent,100,1.0,0,0.0,100,1.0,0,0.0,100,1.0,1,0.01,0,0.0,100,1.0,1,0.01,1108,0,0,0.0,1108,no,0.0,,True,4.50,,0,greater,5.25,"If the upper bound of the target federal funds rate published on the Federal Reserve's official website is greater than 5.25% following the Federal Reserve's May 7, 2025 meeting, then the market resolves to Yes.","This market will expire the first 2:05 PM ET following the release of a Federal Reserve statement for their May 7, 2025 meeting or one week following the last day of that meeting.",,1,,,
FED-25MAY-T5.00,FED-25MAY,binary,"Will the upper bound of the federal funds rate be above 5.00% following the Fed's May 7, 2025 meeting?",5.00%,Above 5.00%,Above 5.00%,2024-08-21T14:00:00Z,2025-05-07T17:55:00Z,2025-05-07T18:05:00Z,2025-05-14T18:05:00Z,2025-05-14T18:05:00Z,0,finalized,usd_cent,100,1.0,0,0.0,100,1.0,0,0.0,100,1.0,2,0.02,0,0.0,100,1.0,2,0.02,396,0,215906,2159.06,350,no,0.0,,True,4.50,,0,greater,5.0,"If the upper bound of the target federal funds rate published on the Federal Reserve's official website is greater than 5.00% following the Federal Reserve's May 7, 2025 meeting, then the market resolves to Yes.","This market will expire the first 2:05 PM ET following the release of a Federal Reserve statement for their May 7, 2025 meeting or one week following the last day of that meeting.",,1,,,
FED-25MAY-T4.75,FED-25MAY,binary,"Will the upper bound of the federal funds rate be above 4.75% following the Fed's May 7, 2025 meeting?",4.75%,Above 4.75%,Above 4.75%,2024-08-21T14:00:00Z,2025-05-07T17:55:00Z,2025-05-07T18:05:00Z,2025-05-14T18:05:00Z,2025-05-14T18:05:00Z,0,finalized,usd_cent,100,1.0,0,0.0,100,1.0,0,0.0,100,1.0,1,0.01,0,0.0,100,1.0,1,0.01,2188,0,-100,-1.0,1825,no,0.0,,True,4.50,,0,greater,4.75,"If the upper bound of the target federal funds rate published on the Federal Reserve's official website is greater than 4.75% following the Federal Reserve's May 7, 2025 meeting, then the market resolves to Yes.","This market will expire the first 2:05 PM ET following the release of a Federal Reserve statement for their May 7, 2025 meeting or one week following the last day of that meeting.",,1,,,
FED-25MAY-T4.50,FED-25MAY,binary,"Will the upper bound of the federal funds rate be above 4.50% following the Fed's May 7, 2025 meeting?",4.50%,Above 4.50%,Above 4.50%,2024-08-21T14:00:00Z,2025-05-07T17:55:00Z,2025-05-07T18:05:00Z,2025-05-14T18:05:00Z,2025-05-14T18:05:00Z,0,finalized,usd_cent,100,1.0,0,0.0,100,1.0,0,0.0,100,1.0,1,0.01,0,0.0,100,1.0,1,0.01,188717,0,-7878,-78.78,105078,no,0.0,,True,4.50,,0,greater,4.5,"If the upper bound of the target federal funds rate published on the Federal Reserve's official website is greater than 4.50% following the Federal Reserve's May 7, 2025 meeting, then the market resolves to Yes.","This market will expire the first 2:05 PM ET following the release of a Federal Reserve statement for their May 7, 2025 meeting or one week following the last day of that meeting.",,1,,,
FED-25MAY-T4.25,FED-25MAY,binary,"Will the upper bound of the federal funds rate be above 4.25% following the Fed's May 7, 2025 meeting?",4.25%,Above 4.25%,Above 4.25%,2024-08-21T14:00:00Z,2025-05-07T17:55:00Z,2025-05-07T18:05:00Z,2025-05-14T18:05:00Z,2025-05-14T18:05:00Z,0,finalized,usd_cent,100,1.0,0,0.0,100,1.0,0,0.0,100,1.0,97,0.97,0,0.0,100,1.0,97,0.97,3745708,0,599132,5991.32,1107911,yes,100.0,1.0,True,4.50,,0,greater,4.25,"If the upper bound of the target federal funds rate published on the Federal Reserve's official website is greater than 4.25% following the Federal Reserve's May 7, 2025 meeting, then the market resolves to Yes.","This market will expire the first 2:05 PM ET following the release of a Federal Reserve statement for their May 7, 2025 meeting or one week following the last day of that meeting.",,1,,,
FED-25MAY-T4.00,FED-25MAY,binary,"Will the upper bound of the federal funds rate be above 4.00% following the Fed's May 7, 2025 meeting?",4.00%,Above 4.00%,Above 4.00%,2024-08-21T14:00:00Z,2025-05-07T17:55:00Z,2025-05-07T18:05:00Z,2025-05-14T18:05:00Z,2025-05-14T18:05:00Z,0,finalized,usd_cent,100,1.0,0,0.0,100,1.0,0,0.0,100,1.0,99,0.99,0,0.0,100,1.0,99,0.99,2691205,0,887555,8875.55,1035395,yes,100.0,1.0,True,4.50,,0,greater,4.0,"If the upper bound of the target federal funds rate published on the Federal Reserve's official website is greater than 4.00% following the Federal Reserve's May 7, 2025 meeting, then the market resolves to Yes.","This market will expire the first 2:05 PM ET following the release of a Federal Reserve statement for their May 7, 2025 meeting or one week following the last day of that meeting.",,1,,,
FED-25MAY-T3.75,FED-25MAY,binary,"Will the upper bound of the federal funds rate be above 3.75% following the Fed's May 7, 2025 meeting?",3.75%,Above 3.75%,Above 3.75%,2024-08-21T14:00:00Z,2025-05-07T17:55:00Z,2025-05-07T18:05:00Z,2025-05-14T18:05:00Z,2025-05-14T18:05:00Z,0,finalized,usd_cent,100,1.0,0,0.0,100,1.0,0,0.0,100,1.0,99,0.99,0,0.0,100,1.0,99,0.99,68321,0,9,0.09,50233,yes,100.0,1.0,True,4.50,,0,greater,3.75,"If the upper bound of the target federal funds rate published on the Federal Reserve's official website is greater than 3.75% following the Federal Reserve's May 7, 2025 meeting, then the market resolves to Yes.","This market will expire the first 2:05 PM ET following the release of a Federal Reserve statement for their May 7, 2025 meeting or one week following the last day of that meeting.",,1,,,
FED-25MAY-T3.50,FED-25MAY,binary,"Will the upper bound of the federal funds rate be above 3.50% following the Fed's May 7, 2025 meeting?",3.50%,Above 3.50%,Above 3.50%,2024-08-21T14:00:00Z,2025-05-07T17:55:00Z,2025-05-07T18:05:00Z,2025-05-14T18:05:00Z,2025-05-14T18:05:00Z,0,finalized,usd_cent,100,1.0,0,0.0,100,1.0,0,0.0,100,1.0,98,0.98,0,0.0,100,1.0,98,0.98,12031,0,444,4.44,12031,yes,100.0,1.0,True,4.50,,0,greater,3.5,"If the upper bound of the target federal funds rate published on the Federal Reserve's official website is greater than 3.50% following the Federal Reserve's May 7, 2025 meeting, then the market resolves to Yes.","This market will expire the first 2:05 PM ET following the release of a Federal Reserve statement for their May 7, 2025 meeting or one week following the last day of that meeting.",,1,,,
FED-25MAY-T3.25,FED-25MAY,binary,"Will the upper bound of the federal funds rate be above 3.25% following the Fed's May 7, 2025 meeting?",3.25%,Above 3.25%,Above 3.25%,2024-08-21T14:00:00Z,2025-05-07T17:55:00Z,2025-05-07T18:05:00Z,2025-05-14T18:05:00Z,2025-05-14T18:05:00Z,0,finalized,usd_cent,100,1.0,0,0.0,100,1.0,0,0.0,100,1.0,99,0.99,0,0.0,100,1.0,99,0.99,10921,0,3400,34.0,8371,yes,100.0,1.0,True,4.50,,0,greater,3.25,"If the upper bound of the target federal funds rate published on the Federal Reserve's official website is greater than 3.25% following the Federal Reserve's May 7, 2025 meeting, then the market resolves to Yes.","This market will expire the first 2:05 PM ET following the release of a Federal Reserve statement for their May 7, 2025 meeting or one week following the last day of that meeting.",,1,,,
FED-25MAY-T3.00,FED-25MAY,binary,"Will the upper bound of the federal funds rate be above 3.00% following the Fed's May 7, 2025 meeting?",3.00%,Above 3.00%,Above 3.00%,2024-08-21T14:00:00Z,2025-05-07T17:55:00Z,2025-05-07T18:05:00Z,2025-05-14T18:05:00Z,2025-05-14T18:05:00Z,0,finalized,usd_cent,100,1.0,0,0.0,100,1.0,0,0.0,100,1.0,99,0.99,0,0.0,100,1.0,99,0.99,3702,0,-11400,-114.0,3600,yes,100.0,1.0,True,4.50,,0,greater,3.0,"If the upper bound of the target federal funds rate published on the Federal Reserve's official website is greater than 3.00% following the Federal Reserve's May 7, 2025 meeting, then the market resolves to Yes.","This market will expire the first 2:05 PM ET following the release of a Federal Reserve statement for their May 7, 2025 meeting or one week following the last day of that meeting.",,1,,,
FED-25MAY-T2.75,FED-25MAY,binary,"Will the upper bound of the federal funds rate be above 2.75% following the Fed's May 7, 2025 meeting?",2.75%,Above 2.75%,Above 2.75%,2024-08-21T14:00:00Z,2025-05-07T17:55:00Z,2025-05-07T18:05:00Z,2025-05-14T18:05:00Z,2025-05-14T18:05:00Z,0,finalized,usd_cent,100,1.0,0,0.0,100,1.0,0,0.0,100,1.0,99,0.99,0,0.0,100,1.0,99,0.99,1799,0,-98,-0.98,1795,yes,100.0,1.0,True,4.50,,0,greater,2.75,"If the upper bound of the target federal funds rate published on the Federal Reserve's official website is greater than 2.75% following the Federal Reserve's May 7, 2025 meeting, then the market resolves to Yes.","This market will expire the first 2:05 PM ET following the release of a Federal Reserve statement for their May 7, 2025 meeting or one week following the last day of that meeting.",,1,,,
FED-25MAR-T5.25,FED-25MAR,binary,"Will the upper bound of the federal funds rate be above 5.25% following the Fed's Mar 19, 2025 meeting?",5.25%,Above 5.25%,Above 5.25%,2024-08-21T14:00:00Z,2025-03-19T17:55:00Z,2025-03-19T18:05:00Z,2025-03-26T18:05:00Z,2025-03-26T18:05:00Z,0,finalized,usd_cent,100,1.0,0,0.0,1,0.01,99,0.99,100,1.0,0,0.0,0,0.0,1,0.01,0,0.0,0,0,0,0.0,0,no,0.0,,True,4.50,,0,greater,5.25,"If the upper bound of the target federal funds rate published on the Federal Reserve's official website is greater than 5.25% following the Federal Reserve's Mar 19, 2025 meeting, then the market resolves to Yes.","This market will expire the first 2:05 PM ET following the release of a Federal Reserve statement for their Mar 19, 2025 meeting or one week following the last day of that meeting.",,1,,,
FED-25MAR-T5.00,FED-25MAR,binary,"Will the upper bound of the federal funds rate be above 5.00% following the Fed's Mar 19, 2025 meeting?",5.00%,Above 5.00%,Above 5.00%,2024-08-21T14:00:00Z,2025-03-19T17:55:00Z,2025-03-19T18:05:00Z,2025-03-26T18:05:00Z,2025-03-26T18:05:00Z,0,finalized,usd_cent,100,1.0,0,0.0,1,0.01,99,0.99,100,1.0,0,0.0,0,0.0,1,0.01,0,0.0,0,0,0,0.0,0,no,0.0,,True,4.50,,0,greater,5.0,"If the upper bound of the target federal funds rate published on the Federal Reserve's official website is greater than 5.00% following the Federal Reserve's Mar 19, 2025 meeting, then the market resolves to Yes.","This market will expire the first 2:05 PM ET following the release of a Federal Reserve statement for their Mar 19, 2025 meeting or one week following the last day of that meeting.",,1,,,
FED-25MAR-T4.75,FED-25MAR,binary,"Will the upper bound of the federal funds rate be above 4.75% following the Fed's Mar 19, 2025 meeting?",4.75%,Above 4.75%,Above 4.75%,2024-08-21T14:00:00Z,2025-03-19T17:55:00Z,2025-03-19T18:05:00Z,2025-03-26T18:05:00Z,2025-03-26T18:05:00Z,0,finalized,usd_cent,100,1.0,0,0.0,1,0.01,99,0.99,100,1.0,1,0.01,0,0.0,1,0.01,1,0.01,153,0,0,0.0,103,no,0.0,,True,4.50,,0,greater,4.75,"If the upper bound of the target federal funds rate published on the Federal Reserve's official website is greater than 4.75% following the Federal Reserve's Mar 19, 2025 meeting, then the market resolves to Yes.","This market will expire the first 2:05 PM ET following the release of a Federal Reserve statement for their Mar 19, 2025 meeting or one week following the last day of that meeting.",,1,,,
FED-25MAR-T4.50,FED-25MAR,binary,"Will the upper bound of the federal funds rate be above 4.50% following the Fed's Mar 19, 2025 meeting?",4.50%,Above 4.50%,Above 4.50%,2024-08-21T14:00:00Z,2025-03-19T17:55:00Z,2025-03-19T18:05:00Z,2025-03-26T18:05:00Z,2025-03-26T18:05:00Z,0,finalized,usd_cent,100,1.0,0,0.0,1,0.01,99,0.99,100,1.0,2,0.02,0,0.0,1,0.01,2,0.02,34006,0,-91782,-917.82,26621,no,0.0,,True,4.50,,0,greater,4.5,"If the upper bound of the target federal funds rate published on the Federal Reserve's official website is greater than 4.50% following the Federal Reserve's Mar 19, 2025 meeting, then the market resolves to Yes.","This market will expire the first 2:05 PM ET following the release of a Federal Reserve statement for their Mar 19, 2025 meeting or one week following the last day of that meeting.",,1,,,
FED-25MAR-T4.25,FED-25MAR,binary,"Will the upper bound of the federal funds rate be above 4.25% following the Fed's Mar 19, 2025 meeting?",4.25%,Above 4.25%,Above 4.25%,2024-08-21T14:00:00Z,2025-03-19T17:55:00Z,2025-03-19T18:05:00Z,2025-03-26T18:05:00Z,2025-03-26T18:05:00Z,0,finalized,usd_cent,100,1.0,99,0.99,100,1.0,0,0.0,1,0.01,99,0.99,99,0.99,100,1.0,99,0.99,204160,0,0,0.0,75760,yes,100.0,1.0,True,4.50,,0,greater,4.25,"If the upper bound of the target federal funds rate published on the Federal Reserve's official website is greater than 4.25% following the Federal Reserve's Mar 19, 2025 meeting, then the market resolves to Yes.","This market will expire the first 2:05 PM ET following the release of a Federal Reserve statement for their Mar 19, 2025 meeting or one week following the last day of that meeting.",,1,,,
FED-25MAR-T4.00,FED-25MAR,binary,"Will the upper bound of the federal funds rate be above 4.00% following the Fed's Mar 19, 2025 meeting?",4.00%,Above 4.00%,Above 4.00%,2024-08-21T14:00:00Z,2025-03-19T17:55:00Z,2025-03-19T18:05:00Z,2025-03-26T18:05:00Z,2025-03-26T18:05:00Z,0,finalized,usd_cent,100,1.0,99,0.99,100,1.0,0,0.0,1,0.01,98,0.98,99,0.99,100,1.0,98,0.98,26836,0,0,0.0,22596,yes,100.0,1.0,True,4.50,,0,greater,4.0,"If the upper bound of the target federal funds rate published on the Federal Reserve's official website is greater than 4.00% following the Federal Reserve's Mar 19, 2025 meeting, then the market resolves to Yes.","This market will expire the first 2:05 PM ET following the release of a Federal Reserve statement for their Mar 19, 2025 meeting or one week following the last day of that meeting.",,1,,,
FED-25MAR-T3.75,FED-25MAR,binary,"Will the upper bound of the federal funds rate be above 3.75% following the Fed's Mar 19, 2025 meeting?",3.75%,Above 3.75%,Above 3.75%,2024-08-21T14:00:00Z,2025-03-19T17:55:00Z,2025-03-19T18:05:00Z,2025-03-26T18:05:00Z,2025-03-26T18:05:00Z,0,finalized,usd_cent,100,1.0,99,0.99,100,1.0,0,0.0,1,0.01,98,0.98,99,0.99,100,1.0,98,0.98,23572,0,0,0.0,16002,yes,100.0,1.0,True,4.50,,0,greater,3.75,"If the upper bound of the target federal funds rate published on the Federal Reserve's official website is greater than 3.75% following the Federal Reserve's Mar 19, 2025 meeting, then the market resolves to Yes.","This market will expire the first 2:05 PM ET following the release of a Federal Reserve statement for their Mar 19, 2025 meeting or one week following the last day of that meeting.",,1,,,
FED-25MAR-T3.50,FED-25MAR,binary,"Will the upper bound of the federal funds rate be above 3.50% following the Fed's Mar 19, 2025 meeting?",3.50%,Above 3.50%,Above 3.50%,2024-08-21T14:00:00Z,2025-03-19T17:55:00Z,2025-03-19T18:05:00Z,2025-03-26T18:05:00Z,2025-03-26T18:05:00Z,0,finalized,usd_cent,100,1.0,99,0.99,100,1.0,0,0.0,1,0.01,98,0.98,99,0.99,100,1.0,98,0.98,3600,0,-490,-4.9,2000,yes,100.0,1.0,True,4.50,,0,greater,3.5,"If the upper bound of the target federal funds rate published on the Federal Reserve's official website is greater than 3.50% following the Federal Reserve's Mar 19, 2025 meeting, then the market resolves to Yes.","This market will expire the first 2:05 PM ET following the release of a Federal Reserve statement for their Mar 19, 2025 meeting or one week following the last day of that meeting.",,1,,,
FED-25MAR-T3.25,FED-25MAR,binary,"Will the upper bound of the federal funds rate be above 3.25% following the Fed's Mar 19, 2025 meeting?",3.25%,Above 3.25%,Above 3.25%,2024-08-21T14:00:00Z,2025-03-19T17:55:00Z,2025-03-19T18:05:00Z,2025-03-26T18:05:00Z,2025-03-26T18:05:00Z,0,finalized,usd_cent,100,1.0,99,0.99,100,1.0,0,0.0,1,0.01,97,0.97,99,0.99,100,1.0,97,0.97,300,0,0,0.0,300,yes,100.0,1.0,True,4.50,,0,greater,3.25,"If the upper bound of the target federal funds rate published on the Federal Reserve's official website is greater than 3.25% following the Federal Reserve's Mar 19, 2025 meeting, then the market resolves to Yes.","This market will expire the first 2:05 PM ET following the release of a Federal Reserve statement for their Mar 19, 2025 meeting or one week following the last day of that meeting.",,1,,,
FED-25MAR-T3.00,FED-25MAR,binary,"Will the upper bound of the federal funds rate be above 3.00% following the Fed's Mar 19, 2025 meeting?",3.00%,Above 3.00%,Above 3.00%,2024-08-21T14:00:00Z,2025-03-19T17:55:00Z,2025-03-19T18:05:00Z,2025-03-26T18:05:00Z,2025-03-26T18:05:00Z,0,finalized,usd_cent,100,1.0,99,0.99,100,1.0,0,0.0,1,0.01,0,0.0,99,0.99,100,1.0,0,0.0,0,0,0,0.0,0,yes,100.0,1.0,True,4.50,,0,greater,3.0,"If the upper bound of the target federal funds rate published on the Federal Reserve's official website is greater than 3.00% following the Federal Reserve's Mar 19, 2025 meeting, then the market resolves to Yes.","This market will expire the first 2:05 PM ET following the release of a Federal Reserve statement for their Mar 19, 2025 meeting or one week following the last day of that meeting.",,1,,,
FED-25MAR-T2.75,FED-25MAR,binary,"Will the upper bound of the federal funds rate be above 2.75% following the Fed's Mar 19, 2025 meeting?",2.75%,Above 2.75%,Above 2.75%,2024-08-21T14:00:00Z,2025-03-19T17:55:00Z,2025-03-19T18:05:00Z,2025-03-26T18:05:00Z,2025-03-26T18:05:00Z,0,finalized,usd_cent,100,1.0,99,0.99,100,1.0,0,0.0,1,0.01,99,0.99,99,0.99,100,1.0,99,0.99,409,0,0,0.0,359,yes,100.0,1.0,True,4.50,,0,greater,2.75,"If the upper bound of the target federal funds rate published on the Federal Reserve's official website is greater than 2.75% following the Federal Reserve's Mar 19, 2025 meeting, then the market resolves to Yes.","This market will expire the first 2:05 PM ET following the release of a Federal Reserve statement for their Mar 19, 2025 meeting or one week following the last day of that meeting.",,1,,,
FED-25JAN-T5.50,FED-25JAN,binary,Will the upper bound of the federal funds rate be above 5.50% following the Fed's January meeting?,5.50%,Above 5.50%,Above 5.50%,2024-02-19T15:00:00Z,2025-01-29T18:55:00Z,2025-01-29T19:05:00Z,2025-02-05T19:05:00Z,2025-02-05T19:05:00Z,0,finalized,usd_cent,100,1.0,0,0.0,1,0.01,99,0.99,100,1.0,1,0.01,0,0.0,1,0.01,1,0.01,10881,0,0,0.0,8998,no,0.0,,True,4.50,,0,,,"If the upper bound of the target federal funds rate published on the Federal Reserve's official website is greater than 5.50% following the Federal Reserve's January 29, 2025 meeting, then the market resolves to Yes.","This market will expire the first 2:05 PM ET following the release of a Federal Reserve statement for their January 29, 2025 meeting or one week following the last day of that meeting.",,1,,,
FED-25JAN-T5.25,FED-25JAN,binary,Will the upper bound of the federal funds rate be above 5.25% following the Fed's January meeting?,5.25%,Above 5.25%,Above 5.25%,2024-02-19T15:00:00Z,2025-01-29T18:55:00Z,2025-01-29T19:05:00Z,2025-02-05T19:05:00Z,2025-02-05T19:05:00Z,0,finalized,usd_cent,100,1.0,0,0.0,1,0.01,99,0.99,100,1.0,13,0.13,0,0.0,1,0.01,13,0.13,25724,0,0,0.0,12990,no,0.0,,True,4.50,,0,,,"If the upper bound of the target federal funds rate published on the Federal Reserve's official website is greater than 5.25% following the Federal Reserve's January 29, 2025 meeting, then the market resolves to Yes.","This market will expire the first 2:05 PM ET following the release of a Federal Reserve statement for their January 29, 2025 meeting or one week following the last day of that meeting.",,1,,,
FED-25JAN-T5.00,FED-25JAN,binary,Will the upper bound of the federal funds rate be above 5.00% following the Fed's January meeting?,5.00%,Above 5.00%,Above 5.00%,2024-02-19T15:00:00Z,2025-01-29T18:55:00Z,2025-01-29T19:05:00Z,2025-02-05T19:05:00Z,2025-02-05T19:05:00Z,0,finalized,usd_cent,100,1.0,0,0.0,3,0.03,97,0.97,100,1.0,1,0.01,0,0.0,3,0.03,1,0.01,29913,0,0,0.0,14144,no,0.0,,True,4.50,,0,,,"If the upper bound of the target federal funds rate published on the Federal Reserve's official website is greater than 5.00% following the Federal Reserve's January 29, 2025 meeting, then the market resolves to Yes.","This market will expire the first 2:05 PM ET following the release of a Federal Reserve statement for their January 29, 2025 meeting or one week following the last day of that meeting.",,1,,,
FED-24DEC-T5.50,FED-24DEC,binary,Will the upper bound of the federal funds rate be above 5.50% following the Fed's December meeting?,5.50%,Above 5.50%,Above 5.50%,2024-02-19T15:00:00Z,2024-12-18T18:55:00Z,2024-12-18T19:05:00Z,2024-12-25T19:05:00Z,2024-12-25T19:05:00Z,0,finalized,usd_cent,100,1.0,0,0.0,2,0.02,98,0.98,100,1.0,1,0.01,0,0.0,2,0.02,1,0.01,21479,0,0,0.0,9804,no,0.0,,True,4.50,,0,greater,5.5,"If the upper bound of the target federal funds rate published on the Federal Reserve's official website is greater than than 5.50% following the Federal Reserve's December 18, 2024 meeting, then the market resolves to Yes.","This market will expire the first 2:05 PM ET following the release of a Federal Reserve statement for their December 18, 2024 meeting or one week following the last day of that meeting.",,1,,,
FED-24DEC-T5.25,FED-24DEC,binary,Will the upper bound of the federal funds rate be above 5.25% following the Fed's December meeting?,5.25%,Above 5.25%,Above 5.25%,2024-02-19T15:00:00Z,2024-12-18T18:55:00Z,2024-12-18T19:05:00Z,2024-12-25T19:05:00Z,2024-12-25T19:05:00Z,0,finalized,usd_cent,100,1.0,0,0.0,2,0.02,98,0.98,100,1.0,1,0.01,0,0.0,2,0.02,1,0.01,218298,0,0,0.0,79801,no,0.0,,True,4.50,,0,greater,5.25,"If the upper bound of the target federal funds rate published on the Federal Reserve's official website is greater than than 5.25% following the Federal Reserve's December 18, 2024 meeting, then the market resolves to Yes.","This market will expire the first 2:05 PM ET following the release of a Federal Reserve statement for their December 18, 2024 meeting or one week following the last day of that meeting.",,1,,,
FED-24DEC-T5.00,FED-24DEC,binary,Will the upper bound of the federal funds rate be above 5.00% following the Fed's December meeting?,5.00%,Above 5.00%,Above 5.00%,2024-02-19T15:00:00Z,2024-12-18T18:55:00Z,2024-12-18T19:05:00Z,2024-12-25T19:05:00Z,2024-12-25T19:05:00Z,0,finalized,usd_cent,100,1.0,0,0.0,1,0.01,99,0.99,100,1.0,4,0.04,0,0.0,1,0.01,4,0.04,28224,0,0,0.0,9582,no,0.0,,True,4.50,,0,greater,5.0,"If the upper bound of the target federal funds rate published on the Federal Reserve's official website is greater than than 5.00% following the Federal Reserve's December 18, 2024 meeting, then the market resolves to Yes.","This market will expire the first 2:05 PM ET following the release of a Federal Reserve statement for their December 18, 2024 meeting or one week following the last day of that meeting.",,1,,,
FED-24NOV-T5.50,FED-24NOV,binary,Will the upper bound of the federal funds rate be above 5.50% following the Fed's November meeting?,5.50%,Above 5.50%,Above 5.50%,2024-02-19T15:00:00Z,2024-11-07T18:55:00Z,2024-11-07T19:05:00Z,2024-11-14T19:05:00Z,2024-11-14T19:05:00Z,0,finalized,usd_cent,100,1.0,0,0.0,50,0.5,50,0.5,100,1.0,1,0.01,0,0.0,50,0.5,1,0.01,39172,0,0,0.0,5288,no,0.0,,True,4.75,,0,greater,5.5,"If the upper bound of the target federal funds rate published on the Federal Reserve's official website is greater than than 5.50% following the Federal Reserve's November 07, 2024 meeting, then the market resolves to Yes.","This market will expire the first 2:05 PM ET following the release of a Federal Reserve statement for their November 07, 2024 meeting or one week following the last day of that meeting.",,1,,,
FED-24NOV-T5.25,FED-24NOV,binary,Will the upper bound of the federal funds rate be above 5.25% following the Fed's November meeting?,5.25%,Above 5.25%,Above 5.25%,2024-02-19T15:00:00Z,2024-11-07T18:55:00Z,2024-11-07T19:05:00Z,2024-11-14T19:05:00Z,2024-11-14T19:05:00Z,0,finalized,usd_cent,100,1.0,0,0.0,3,0.03,97,0.97,100,1.0,1,0.01,0,0.0,3,0.03,1,0.01,38975,0,0,0.0,7287,no,0.0,,True,4.75,,0,greater,5.25,"If the upper bound of the target federal funds rate published on the Federal Reserve's official website is greater than than 5.25% following the Federal Reserve's November 07, 2024 meeting, then the market resolves to Yes.","This market will expire the first 2:05 PM ET following the release of a Federal Reserve statement for their November 07, 2024 meeting or one week following the last day of that meeting.",,1,,,
FED-24SEP-T5.50,FED-24SEP,binary,Will the upper bound of the federal funds rate be above 5.50% following the Fed's September meeting?,5.50%,Above 5.50%,Above 5.50%,2024-02-16T20:00:00Z,2024-09-18T17:55:00Z,2024-09-18T18:05:00Z,2024-09-25T18:05:00Z,2024-09-25T18:05:00Z,0,finalized,usd_cent,100,1.0,0,0.0,10,0.1,90,0.9,100,1.0,1,0.01,0,0.0,10,0.1,0,0.0,18254,0,0,0.0,18054,no,0.0,,True,5.00,,0,greater,5.5,"If the upper bound of the target federal funds rate published on the Federal Reserve's official website is greater than than 5.50% following the Federal Reserve's September 18, 2024 meeting, then the market resolves to Yes.","This market will expire the first 2:05 PM ET following the release of a Federal Reserve statement for their September 18, 2024 meeting or one week following the last day of that meeting.",,1,,,
FED-25JAN-T4.75,FED-25JAN,binary,Will the upper bound of the federal funds rate be above 4.75% following the Fed's January meeting?,>4.75%,Above 4.75%,Above 4.75%,2023-07-06T14:00:00Z,2025-01-29T18:55:00Z,2025-01-29T19:05:00Z,2025-02-05T19:05:00Z,2025-02-05T19:05:00Z,0,finalized,usd_cent,100,1.0,0,0.0,3,0.03,97,0.97,100,1.0,4,0.04,0,0.0,3,0.03,4,0.04,55816,0,0,0.0,8426,no,0.0,,True,4.50,,0,,,"If the upper bound of the target federal funds rate published on the Federal Reserve's official website is greater than 4.75% following the Federal Reserve's January 29, 2025 meeting, then the market resolves to Yes.","This market will expire the first 2:05 PM ET following the release of a Federal Reserve statement for their January 29, 2025 meeting or one week following the last day of that meeting.",,1,,,
FED-25JAN-T4.50,FED-25JAN,binary,Will the upper bound of the federal funds rate be above 4.50% following the Fed's January meeting?,>4.50%,Above 4.50%,Above 4.50%,2023-07-06T14:00:00Z,2025-01-29T18:55:00Z,2025-01-29T19:05:00Z,2025-02-05T19:05:00Z,2025-02-05T19:05:00Z,0,finalized,usd_cent,100,1.0,0,0.0,28,0.28,72,0.72,100,1.0,4,0.04,0,0.0,28,0.28,4,0.04,79292,0,-9620,-96.2,11788,no,0.0,,True,4.50,,0,,,"If the upper bound of the target federal funds rate published on the Federal Reserve's official website is greater than 4.50% following the Federal Reserve's January 29, 2025 meeting, then the market resolves to Yes.","This market will expire the first 2:05 PM ET following the release of a Federal Reserve statement for their January 29, 2025 meeting or one week following the last day of that meeting.",,1,,,
FED-25JAN-T4.25,FED-25JAN,binary,Will the upper bound of the federal funds rate be above 4.25% following the Fed's January meeting?,>4.25%,Above 4.25%,Above 4.25%,2023-07-06T14:00:00Z,2025-01-29T18:55:00Z,2025-01-29T19:05:00Z,2025-02-05T19:05:00Z,2025-02-05T19:05:00Z,0,finalized,usd_cent,100,1.0,98,0.98,100,1.0,0,0.0,2,0.02,98,0.98,98,0.98,100,1.0,98,0.98,168906,0,-54212,-542.12,55359,yes,100.0,1.0,True,4.50,,0,,,"If the upper bound of the target federal funds rate published on the Federal Reserve's official website is greater than 4.25% following the Federal Reserve's January 29, 2025 meeting, then the market resolves to Yes.","This market will expire the first 2:05 PM ET following the release of a Federal Reserve statement for their January 29, 2025 meeting or one week following the last day of that meeting.",,1,,,
FED-25JAN-T4.00,FED-25JAN,binary,Will the upper bound of the federal funds rate be above 4.00% following the Fed's January meeting?,>4.00%,Above 4.00%,Above 4.00%,2023-07-06T14:00:00Z,2025-01-29T18:55:00Z,2025-01-29T19:05:00Z,2025-02-05T19:05:00Z,2025-02-05T19:05:00Z,0,finalized,usd_cent,100,1.0,99,0.99,100,1.0,0,0.0,1,0.01,99,0.99,99,0.99,100,1.0,99,0.99,53985,0,0,0.0,23931,yes,100.0,1.0,True,4.50,,0,,,"If the upper bound of the target federal funds rate published on the Federal Reserve's official website is greater than 4.00% following the Federal Reserve's January 29, 2025 meeting, then the market resolves to Yes.","This market will expire the first 2:05 PM ET following the release of a Federal Reserve statement for their January 29, 2025 meeting or one week following the last day of that meeting.",,1,,,
FED-25JAN-T3.75,FED-25JAN,binary,Will the upper bound of the federal funds rate be above 3.75% following the Fed's January meeting?,>3.75%,Above 3.75%,Above 3.75%,2023-07-06T14:00:00Z,2025-01-29T18:55:00Z,2025-01-29T19:05:00Z,2025-02-05T19:05:00Z,2025-02-05T19:05:00Z,0,finalized,usd_cent,100,1.0,99,0.99,100,1.0,0,0.0,1,0.01,99,0.99,99,0.99,100,1.0,99,0.99,7820,0,-1233,-12.33,1515,yes,100.0,1.0,True,4.50,,0,,,"If the upper bound of the target federal funds rate published on the Federal Reserve's official website is greater than 3.75% following the Federal Reserve's January 29, 2025 meeting, then the market resolves to Yes.","This market will expire the first 2:05 PM ET following the release of a Federal Reserve statement for their January 29, 2025 meeting or one week following the last day of that meeting.",,1,,,
FED-25JAN-T3.50,FED-25JAN,binary,Will the upper bound of the federal funds rate be above 3.50% following the Fed's January meeting?,>3.50%,Above 3.50%,Above 3.50%,2023-07-06T14:00:00Z,2025-01-29T18:55:00Z,2025-01-29T19:05:00Z,2025-02-05T19:05:00Z,2025-02-05T19:05:00Z,0,finalized,usd_cent,100,1.0,99,0.99,100,1.0,0,0.0,1,0.01,99,0.99,99,0.99,100,1.0,99,0.99,11805,0,0,0.0,4650,yes,100.0,1.0,True,4.50,,0,,,"If the upper bound of the target federal funds rate published on the Federal Reserve's official website is greater than 3.50% following the Federal Reserve's January 29, 2025 meeting, then the market resolves to Yes.","This market will expire the first 2:05 PM ET following the release of a Federal Reserve statement for their January 29, 2025 meeting or one week following the last day of that meeting.",,1,,,
FED-25JAN-T3.25,FED-25JAN,binary,Will the upper bound of the federal funds rate be above 3.25% following the Fed's January meeting?,3.25%,Above 3.25%,Above 3.25%,2023-07-06T14:00:00Z,2025-01-29T18:55:00Z,2025-01-29T19:05:00Z,2025-02-05T19:05:00Z,2025-02-05T19:05:00Z,0,finalized,usd_cent,100,1.0,99,0.99,100,1.0,0,0.0,1,0.01,98,0.98,99,0.99,100,1.0,98,0.98,12513,0,0,0.0,6368,yes,100.0,1.0,True,4.50,,0,,,"If the upper bound of the target federal funds rate published on the Federal Reserve's official website is greater than 3.25% following the Federal Reserve's January 29, 2025 meeting, then the market resolves to Yes.","This market will expire the first 2:05 PM ET following the release of a Federal Reserve statement for their January 29, 2025 meeting or one week following the last day of that meeting.",,1,,,
FED-24DEC-T4.75,FED-24DEC,binary,Will the upper bound of the federal funds rate be above 4.75% following the Fed's December meeting?,>4.75%,Above 4.75%,Above 4.75%,2023-07-06T14:00:00Z,2024-12-18T18:55:00Z,2024-12-18T19:05:00Z,2024-12-25T19:05:00Z,2024-12-25T19:05:00Z,0,finalized,usd_cent,100,1.0,0,0.0,1,0.01,99,0.99,100,1.0,3,0.03,0,0.0,1,0.01,3,0.03,135887,0,0,0.0,9085,no,0.0,,True,4.50,,0,greater,4.75,"If the upper bound of the target federal funds rate published on the Federal Reserve's official website is greater than 4.75% following the Federal Reserve's December 18, 2024 meeting, then the market resolves to Yes.","This market will expire the first 2:05 PM ET following the release of a Federal Reserve statement for their December 18, 2024 meeting or one week following the last day of that meeting.",,1,,,
FED-24DEC-T4.50,FED-24DEC,binary,Will the upper bound of the federal funds rate be above 4.50% following the Fed's December meeting?,>4.50%,Above 4.50%,Above 4.50%,2023-07-06T14:00:00Z,2024-12-18T18:55:00Z,2024-12-18T19:05:00Z,2024-12-25T19:05:00Z,2024-12-25T19:05:00Z,0,finalized,usd_cent,100,1.0,2,0.02,3,0.03,97,0.97,98,0.98,2,0.02,2,0.02,3,0.03,2,0.02,359608,0,-4280,-42.8,53143,no,0.0,,True,4.50,,0,greater,4.5,"If the upper bound of the target federal funds rate published on the Federal Reserve's official website is greater than 4.50% following the Federal Reserve's December 18, 2024 meeting, then the market resolves to Yes.","This market will expire the first 2:05 PM ET following the release of a Federal Reserve statement for their December 18, 2024 meeting or one week following the last day of that meeting.",,1,,,
FED-24DEC-T4.25,FED-24DEC,binary,Will the upper bound of the federal funds rate be above 4.25% following the Fed's December meeting?,>4.25%,Above 4.25%,Above 4.25%,2023-07-06T14:00:00Z,2024-12-18T18:55:00Z,2024-12-18T19:05:00Z,2024-12-25T19:05:00Z,2024-12-25T19:05:00Z,0,finalized,usd_cent,100,1.0,98,0.98,100,1.0,0,0.0,2,0.02,99,0.99,98,0.98,100,1.0,99,0.99,187088,0,-3680,-36.8,36888,yes,100.0,1.0,True,4.50,,0,greater,4.25,"If the upper bound of the target federal funds rate published on the Federal Reserve's official website is greater than 4.25% following the Federal Reserve's December 18, 2024 meeting, then the market resolves to Yes.","This market will expire the first 2:05 PM ET following the release of a Federal Reserve statement for their December 18, 2024 meeting or one week following the last day of that meeting.",,1,,,
FED-24DEC-T4.00,FED-24DEC,binary,Will the upper bound of the federal funds rate be above 4.00% following the Fed's December meeting?,>4.00%,Above 4.00%,Above 4.00%,2023-07-06T14:00:00Z,2024-12-18T18:55:00Z,2024-12-18T19:05:00Z,2024-12-25T19:05:00Z,2024-12-25T19:05:00Z,0,finalized,usd_cent,100,1.0,97,0.97,100,1.0,0,0.0,3,0.03,97,0.97,97,0.97,100,1.0,97,0.97,219631,0,-4822,-48.22,13620,yes,100.0,1.0,True,4.50,,0,greater,4.0,"If the upper bound of the target federal funds rate published on the Federal Reserve's official website is greater than 4.00% following the Federal Reserve's December 18, 2024 meeting, then the market resolves to Yes.","This market will expire the first 2:05 PM ET following the release of a Federal Reserve statement for their December 18, 2024 meeting or one week following the last day of that meeting.",,1,,,
FED-24DEC-T3.75,FED-24DEC,binary,Will the upper bound of the federal funds rate be above 3.75% following the Fed's December meeting?,>3.75%,Above 3.75%,Above 3.75%,2023-07-06T14:00:00Z,2024-12-18T18:55:00Z,2024-12-18T19:05:00Z,2024-12-25T19:05:00Z,2024-12-25T19:05:00Z,0,finalized,usd_cent,100,1.0,97,0.97,100,1.0,0,0.0,3,0.03,94,0.94,97,0.97,100,1.0,94,0.94,16109,0,0,0.0,10445,yes,100.0,1.0,True,4.50,,0,greater,3.75,"If the upper bound of the target federal funds rate published on the Federal Reserve's official website is greater than 3.75% following the Federal Reserve's December 18, 2024 meeting, then the market resolves to Yes.","This market will expire the first 2:05 PM ET following the release of a Federal Reserve statement for their December 18, 2024 meeting or one week following the last day of that meeting.",,1,,,
FED-24DEC-T3.50,FED-24DEC,binary,Will the upper bound of the federal funds rate be above 3.50% following the Fed's December meeting?,>3.50%,Above 3.50%,Above 3.50%,2023-07-06T14:00:00Z,2024-12-18T18:55:00Z,2024-12-18T19:05:00Z,2024-12-25T19:05:00Z,2024-12-25T19:05:00Z,0,finalized,usd_cent,100,1.0,98,0.98,100,1.0,0,0.0,2,0.02,99,0.99,98,0.98,100,1.0,99,0.99,13979,0,0,0.0,831,yes,100.0,1.0,True,4.50,,0,greater,3.5,"If the upper bound of the target federal funds rate published on the Federal Reserve's official website is greater than 3.50% following the Federal Reserve's December 18, 2024 meeting, then the market resolves to Yes.","This market will expire the first 2:05 PM ET following the release of a Federal Reserve statement for their December 18, 2024 meeting or one week following the last day of that meeting.",,1,,,
FED-24DEC-T3.25,FED-24DEC,binary,Will the upper bound of the federal funds rate be above 3.25% following the Fed's December meeting?,3.25%,Above 3.25%,Above 3.25%,2023-07-06T14:00:00Z,2024-12-18T18:55:00Z,2024-12-18T19:05:00Z,2024-12-25T19:05:00Z,2024-12-25T19:05:00Z,0,finalized,usd_cent,100,1.0,98,0.98,100,1.0,0,0.0,2,0.02,99,0.99,98,0.98,100,1.0,99,0.99,9476,0,0,0.0,3265,yes,100.0,1.0,True,4.50,,0,greater,3.25,"If the upper bound of the target federal funds rate published on the Federal Reserve's official website is greater than 3.25% following the Federal Reserve's December 18, 2024 meeting, then the market resolves to Yes.","This market will expire the first 2:05 PM ET following the release of a Federal Reserve statement for their December 18, 2024 meeting or one week following the last day of that meeting.",,1,,,
FED-24NOV-T5.00,FED-24NOV,binary,Will the upper bound of the federal funds rate be above 5.00% following the Fed's November meeting?,>5.00%,Above 5.00%,Above 5.00%,2023-07-06T14:00:00Z,2024-11-07T18:55:00Z,2024-11-07T19:05:00Z,2024-11-14T19:05:00Z,2024-11-14T19:05:00Z,0,finalized,usd_cent,100,1.0,0,0.0,4,0.04,96,0.96,100,1.0,4,0.04,0,0.0,4,0.04,4,0.04,120983,0,0,0.0,52501,no,0.0,,True,4.75,,0,greater,5.0,"If the upper bound of the target federal funds rate published on the Federal Reserve's official website is greater than 5.00% following the Federal Reserve's November 07, 2024 meeting, then the market resolves to Yes.","This market will expire the first 2:05 PM ET following the release of a Federal Reserve statement for their November 07, 2024 meeting or one week following the last day of that meeting.",,1,,,
FED-24NOV-T4.75,FED-24NOV,binary,Will the upper bound of the federal funds rate be above 4.75% following the Fed's November meeting?,>4.75%,Above 4.75%,Above 4.75%,2023-07-06T14:00:00Z,2024-11-07T18:55:00Z,2024-11-07T19:05:00Z,2024-11-14T19:05:00Z,2024-11-14T19:05:00Z,0,finalized,usd_cent,100,1.0,1,0.01,5,0.05,95,0.95,99,0.99,4,0.04,1,0.01,5,0.05,4,0.04,242336,0,0,0.0,40402,no,0.0,,True,4.75,,0,greater,4.75,"If the upper bound of the target federal funds rate published on the Federal Reserve's official website is greater than 4.75% following the Federal Reserve's November 07, 2024 meeting, then the market resolves to Yes.","This market will expire the first 2:05 PM ET following the release of a Federal Reserve statement for their November 07, 2024 meeting or one week following the last day of that meeting.",,1,,,
FED-24NOV-T4.50,FED-24NOV,binary,Will the upper bound of the federal funds rate be above 4.50% following the Fed's November meeting?,>4.50%,Above 4.50%,Above 4.50%,2023-07-06T14:00:00Z,2024-11-07T18:55:00Z,2024-11-07T19:05:00Z,2024-11-14T19:05:00Z,2024-11-14T19:05:00Z,0,finalized,usd_cent,100,1.0,99,0.99,100,1.0,0,0.0,1,0.01,99,0.99,99,0.99,100,1.0,99,0.99,183531,0,0,0.0,28432,yes,100.0,1.0,True,4.75,,0,greater,4.5,"If the upper bound of the target federal funds rate published on the Federal Reserve's official website is greater than 4.50% following the Federal Reserve's November 07, 2024 meeting, then the market resolves to Yes.","This market will expire the first 2:05 PM ET following the release of a Federal Reserve statement for their November 07, 2024 meeting or one week following the last day of that meeting.",,1,,,
FED-24NOV-T4.25,FED-24NOV,binary,Will the upper bound of the federal funds rate be above 4.25% following the Fed's November meeting?,>4.25%,Above 4.25%,Above 4.25%,2023-07-06T14:00:00Z,2024-11-07T18:55:00Z,2024-11-07T19:05:00Z,2024-11-14T19:05:00Z,2024-11-14T19:05:00Z,0,finalized,usd_cent,100,1.0,97,0.97,100,1.0,0,0.0,3,0.03,99,0.99,97,0.97,100,1.0,99,0.99,37099,0,0,0.0,19642,yes,100.0,1.0,True,4.75,,0,greater,4.25,"If the upper bound of the target federal funds rate published on the Federal Reserve's official website is greater than 4.25% following the Federal Reserve's November 07, 2024 meeting, then the market resolves to Yes.","This market will expire the first 2:05 PM ET following the release of a Federal Reserve statement for their November 07, 2024 meeting or one week following the last day of that meeting.",,1,,,
FED-24NOV-T4.00,FED-24NOV,binary,Will the upper bound of the federal funds rate be above 4.00% following the Fed's November meeting?,>4.00%,Above 4.00%,Above 4.00%,2023-07-06T14:00:00Z,2024-11-07T18:55:00Z,2024-11-07T19:05:00Z,2024-11-14T19:05:00Z,2024-11-14T19:05:00Z,0,finalized,usd_cent,100,1.0,99,0.99,100,1.0,0,0.0,1,0.01,99,0.99,99,0.99,100,1.0,99,0.99,10886,0,0,0.0,3186,yes,100.0,1.0,True,4.75,,0,greater,4.0,"If the upper bound of the target federal funds rate published on the Federal Reserve's official website is greater than 4.00% following the Federal Reserve's November 07, 2024 meeting, then the market resolves to Yes.","This market will expire the first 2:05 PM ET following the release of a Federal Reserve statement for their November 07, 2024 meeting or one week following the last day of that meeting.",,1,,,
FED-24NOV-T3.75,FED-24NOV,binary,Will the upper bound of the federal funds rate be above 3.75% following the Fed's November meeting?,>3.75%,Above 3.75%,Above 3.75%,2023-07-06T14:00:00Z,2024-11-07T18:55:00Z,2024-11-07T19:05:00Z,2024-11-14T19:05:00Z,2024-11-14T19:05:00Z,0,finalized,usd_cent,100,1.0,91,0.91,100,1.0,0,0.0,9,0.09,99,0.99,91,0.91,100,1.0,99,0.99,14040,0,0,0.0,3940,yes,100.0,1.0,True,4.75,,0,greater,3.75,"If the upper bound of the target federal funds rate published on the Federal Reserve's official website is greater than 3.75% following the Federal Reserve's November 07, 2024 meeting, then the market resolves to Yes.","This market will expire the first 2:05 PM ET following the release of a Federal Reserve statement for their November 07, 2024 meeting or one week following the last day of that meeting.",,1,,,
FED-24NOV-T3.50,FED-24NOV,binary,Will the upper bound of the federal funds rate be above 3.50% following the Fed's November meeting?,3.50%,Above 3.50%,Above 3.50%,2023-07-06T14:00:00Z,2024-11-07T18:55:00Z,2024-11-07T19:05:00Z,2024-11-14T19:05:00Z,2024-11-14T19:05:00Z,0,finalized,usd_cent,100,1.0,91,0.91,100,1.0,0,0.0,9,0.09,99,0.99,91,0.91,100,1.0,99,0.99,14108,0,0,0.0,6658,yes,100.0,1.0,True,4.75,,0,greater,3.5,"If the upper bound of the target federal funds rate published on the Federal Reserve's official website is greater than 3.50% following the Federal Reserve's November 07, 2024 meeting, then the market resolves to Yes.","This market will expire the first 2:05 PM ET following the release of a Federal Reserve statement for their November 07, 2024 meeting or one week following the last day of that meeting.",,1,,,
FED-24SEP-T5.25,FED-24SEP,binary,Will the upper bound of the federal funds rate be above 5.25% following the Fed's September meeting?,>5.25%,Above 5.25%,Above 5.25%,2023-07-06T14:00:00Z,2024-09-18T17:55:00Z,2024-09-18T18:05:00Z,2024-09-25T18:05:00Z,2024-09-25T18:05:00Z,0,finalized,usd_cent,100,1.0,0,0.0,2,0.02,98,0.98,100,1.0,1,0.01,0,0.0,2,0.02,0,0.0,575792,0,0,0.0,100208,no,0.0,,True,5.00,,0,greater,5.25,"If the upper bound of the target federal funds rate published on the Federal Reserve's official website is greater than 5.25% following the Federal Reserve's September 18, 2024 meeting, then the market resolves to Yes.","This market will expire the first 2:05 PM ET following the release of a Federal Reserve statement for their September 18, 2024 meeting or one week following the last day of that meeting.",,1,,,
FED-24SEP-T5.00,FED-24SEP,binary,Will the upper bound of the federal funds rate be above 5.00% following the Fed's September meeting?,>5.00%,Above 5.00%,Above 5.00%,2023-07-06T14:00:00Z,2024-09-18T17:55:00Z,2024-09-18T18:05:00Z,2024-09-25T18:05:00Z,2024-09-25T18:05:00Z,0,finalized,usd_cent,100,1.0,50,0.5,69,0.69,31,0.31,50,0.5,69,0.69,50,0.5,69,0.69,0,0.0,1175151,0,0,0.0,354905,no,0.0,,True,5.00,,0,greater,5.0,"If the upper bound of the target federal funds rate published on the Federal Reserve's official website is greater than 5.00% following the Federal Reserve's September 18, 2024 meeting, then the market resolves to Yes.","This market will expire the first 2:05 PM ET following the release of a Federal Reserve statement for their September 18, 2024 meeting or one week following the last day of that meeting.",,1,,,
FED-24SEP-T4.75,FED-24SEP,binary,Will the upper bound of the federal funds rate be above 4.75% following the Fed's September meeting?,>4.75%,Above 4.75%,Above 4.75%,2023-07-06T14:00:00Z,2024-09-18T17:55:00Z,2024-09-18T18:05:00Z,2024-09-25T18:05:00Z,2024-09-25T18:05:00Z,0,finalized,usd_cent,100,1.0,98,0.98,100,1.0,0,0.0,2,0.02,99,0.99,98,0.98,100,1.0,0,0.0,513578,0,0,0.0,124256,yes,100.0,1.0,True,5.00,,0,greater,4.75,"If the upper bound of the target federal funds rate published on the Federal Reserve's official website is greater than 4.75% following the Federal Reserve's September 18, 2024 meeting, then the market resolves to Yes.","This market will expire the first 2:05 PM ET following the release of a Federal Reserve statement for their September 18, 2024 meeting or one week following the last day of that meeting.",,1,,,
FED-24SEP-T4.50,FED-24SEP,binary,Will the upper bound of the federal funds rate be above 4.50% following the Fed's September meeting?,>4.50%,Above 4.50%,Above 4.50%,2023-07-06T14:00:00Z,2024-09-18T17:55:00Z,2024-09-18T18:05:00Z,2024-09-25T18:05:00Z,2024-09-25T18:05:00Z,0,finalized,usd_cent,100,1.0,99,0.99,100,1.0,0,0.0,1,0.01,99,0.99,99,0.99,100,1.0,0,0.0,67110,0,0,0.0,13627,yes,100.0,1.0,True,5.00,,0,greater,4.5,"If the upper bound of the target federal funds rate published on the Federal Reserve's official website is greater than 4.50% following the Federal Reserve's September 18, 2024 meeting, then the market resolves to Yes.","This market will expire the first 2:05 PM ET following the release of a Federal Reserve statement for their September 18, 2024 meeting or one week following the last day of that meeting.",,1,,,
FED-24SEP-T4.25,FED-24SEP,binary,Will the upper bound of the federal funds rate be above 4.25% following the Fed's September meeting?,>4.25%,Above 4.25%,Above 4.25%,2023-07-06T14:00:00Z,2024-09-18T17:55:00Z,2024-09-18T18:05:00Z,2024-09-25T18:05:00Z,2024-09-25T18:05:00Z,0,finalized,usd_cent,100,1.0,65,0.65,100,1.0,0,0.0,35,0.35,99,0.99,65,0.65,100,1.0,0,0.0,9372,0,0,0.0,1215,yes,100.0,1.0,True,5.00,,0,greater,4.25,"If the upper bound of the target federal funds rate published on the Federal Reserve's official website is greater than 4.25% following the Federal Reserve's September 18, 2024 meeting, then the market resolves to Yes.","This market will expire the first 2:05 PM ET following the release of a Federal Reserve statement for their September 18, 2024 meeting or one week following the last day of that meeting.",,1,,,
FED-24SEP-T4.00,FED-24SEP,binary,Will the upper bound of the federal funds rate be above 4.00% following the Fed's September meeting?,>4.00%,Above 4.00%,Above 4.00%,2023-07-06T14:00:00Z,2024-09-18T17:55:00Z,2024-09-18T18:05:00Z,2024-09-25T18:05:00Z,2024-09-25T18:05:00Z,0,finalized,usd_cent,100,1.0,99,0.99,100,1.0,0,0.0,1,0.01,99,0.99,99,0.99,100,1.0,0,0.0,11537,0,0,0.0,2017,yes,100.0,1.0,True,5.00,,0,greater,4.0,"If the upper bound of the target federal funds rate published on the Federal Reserve's official website is greater than 4.00% following the Federal Reserve's September 18, 2024 meeting, then the market resolves to Yes.","This market will expire the first 2:05 PM ET following the release of a Federal Reserve statement for their September 18, 2024 meeting or one week following the last day of that meeting.",,1,,,
FED-24SEP-T3.75,FED-24SEP,binary,Will the upper bound of the federal funds rate be above 3.75% following the Fed's September meeting?,3.75%,Above 3.75%,Above 3.75%,2023-07-06T14:00:00Z,2024-09-18T17:55:00Z,2024-09-18T18:05:00Z,2024-09-25T18:05:00Z,2024-09-25T18:05:00Z,0,finalized,usd_cent,100,1.0,99,0.99,100,1.0,0,0.0,1,0.01,99,0.99,99,0.99,100,1.0,0,0.0,11364,0,0,0.0,2600,yes,100.0,1.0,True,5.00,,0,greater,3.75,"If the upper bound of the target federal funds rate published on the Federal Reserve's official website is greater than 3.75% following the Federal Reserve's September 18, 2024 meeting, then the market resolves to Yes.","This market will expire the first 2:05 PM ET following the release of a Federal Reserve statement for their September 18, 2024 meeting or one week following the last day of that meeting.",,1,,,
FED-24JUL-T5.50,FED-24JUL,binary,Will the upper bound of the federal funds rate be above 5.50% following the Fed's July meeting?,>5.50%,Above 5.50%,5.50% or below,2023-07-06T14:00:00Z,2024-07-31T17:55:00Z,2024-07-31T18:05:00Z,2024-08-07T18:05:00Z,2024-08-07T18:05:00Z,0,finalized,usd_cent,100,1.0,0,0.0,1,0.01,99,0.99,100,1.0,1,0.01,0,0.0,1,0.01,1,0.01,63297,0,0,0.0,15235,no,0.0,,True,5.50,,0,greater,5.5,"If the upper bound of the target federal funds rate published on the Federal Reserve's official website is greater than 5.50% following the Federal Reserve's July 31, 2024 meeting, then the market resolves to Yes.","This market will expire the first 2:05 PM ET following the release of a Federal Reserve statement for their July 31, 2024 meeting or one week following the last day of that meeting.",,1,,,
FED-24JUL-T5.25,FED-24JUL,binary,Will the upper bound of the federal funds rate be above 5.25% following the Fed's July meeting?,>5.25%,Above 5.25%,5.25% or below,2023-07-06T14:00:00Z,2024-07-31T17:55:00Z,2024-07-31T18:05:00Z,2024-08-07T18:05:00Z,2024-08-07T18:05:00Z,0,finalized,usd_cent,100,1.0,97,0.97,98,0.98,2,0.02,3,0.03,99,0.99,97,0.97,98,0.98,98,0.98,1160274,6001,0,0.0,216529,yes,100.0,1.0,True,5.50,,0,greater,5.25,"If the upper bound of the target federal funds rate published on the Federal Reserve's official website is greater than 5.25% following the Federal Reserve's July 31, 2024 meeting, then the market resolves to Yes.","This market will expire the first 2:05 PM ET following the release of a Federal Reserve statement for their July 31, 2024 meeting or one week following the last day of that meeting.",,1,,,
FED-24JUL-T5.00,FED-24JUL,binary,Will the upper bound of the federal funds rate be above 5.00% following the Fed's July meeting?,>5.00%,Above 5.00%,5.00% or below,2023-07-06T14:00:00Z,2024-07-31T17:55:00Z,2024-07-31T18:05:00Z,2024-08-07T18:05:00Z,2024-08-07T18:05:00Z,0,finalized,usd_cent,100,1.0,99,0.99,100,1.0,0,0.0,1,0.01,99,0.99,99,0.99,100,1.0,99,0.99,80483,0,0,0.0,46666,yes,100.0,1.0,True,5.50,,0,greater,5.0,"If the upper bound of the target federal funds rate published on the Federal Reserve's official website is greater than 5.00% following the Federal Reserve's July 31, 2024 meeting, then the market resolves to Yes.","This market will expire the first 2:05 PM ET following the release of a Federal Reserve statement for their July 31, 2024 meeting or one week following the last day of that meeting.",,1,,,
FED-24JUL-T4.75,FED-24JUL,binary,Will the upper bound of the federal funds rate be above 4.75% following the Fed's July meeting?,>4.75%,Above 4.75%,4.75% or below,2023-07-06T14:00:00Z,2024-07-31T17:55:00Z,2024-07-31T18:05:00Z,2024-08-07T18:05:00Z,2024-08-07T18:05:00Z,0,finalized,usd_cent,100,1.0,99,0.99,100,1.0,0,0.0,1,0.01,99,0.99,99,0.99,100,1.0,99,0.99,10192,0,0,0.0,204,yes,100.0,1.0,True,5.50,,0,greater,4.75,"If the upper bound of the target federal funds rate published on the Federal Reserve's official website is greater than 4.75% following the Federal Reserve's July 31, 2024 meeting, then the market resolves to Yes.","This market will expire the first 2:05 PM ET following the release of a Federal Reserve statement for their July 31, 2024 meeting or one week following the last day of that meeting.",,1,,,
FED-24JUL-T4.50,FED-24JUL,binary,Will the upper bound of the federal funds rate be above 4.50% following the Fed's July meeting?,>4.50%,Above 4.50%,4.50% or below,2023-07-06T14:00:00Z,2024-07-31T17:55:00Z,2024-07-31T18:05:00Z,2024-08-07T18:05:00Z,2024-08-07T18:05:00Z,0,finalized,usd_cent,100,1.0,97,0.97,100,1.0,0,0.0,3,0.03,99,0.99,97,0.97,100,1.0,99,0.99,14291,0,0,0.0,842,yes,100.0,1.0,True,5.50,,0,greater,4.5,"If the upper bound of the target federal funds rate published on the Federal Reserve's official website is greater than 4.50% following the Federal Reserve's July 31, 2024 meeting, then the market resolves to Yes.","This market will expire the first 2:05 PM ET following the release of a Federal Reserve statement for their July 31, 2024 meeting or one week following the last day of that meeting.",,1,,,
FED-24JUL-T4.25,FED-24JUL,binary,Will the upper bound of the federal funds rate be above 4.25% following the Fed's July meeting?,>4.25%,Above 4.25%,4.25% or below,2023-07-06T14:00:00Z,2024-07-31T17:55:00Z,2024-07-31T18:05:00Z,2024-08-07T18:05:00Z,2024-08-07T18:05:00Z,0,finalized,usd_cent,100,1.0,97,0.97,100,1.0,0,0.0,3,0.03,99,0.99,97,0.97,100,1.0,99,0.99,22895,0,0,0.0,808,yes,100.0,1.0,True,5.50,,0,greater,4.25,"If the upper bound of the target federal funds rate published on the Federal Reserve's official website is greater than 4.25% following the Federal Reserve's July 31, 2024 meeting, then the market resolves to Yes.","This market will expire the first 2:05 PM ET following the release of a Federal Reserve statement for their July 31, 2024 meeting or one week following the last day of that meeting.",,1,,,
FED-24JUL-T4.00,FED-24JUL,binary,Will the upper bound of the federal funds rate be above 4.00% following the Fed's July meeting?,4.00%,Above 4.00%,4.00% or below,2023-07-06T14:00:00Z,2024-07-31T17:55:00Z,2024-07-31T18:05:00Z,2024-08-07T18:05:00Z,2024-08-07T18:05:00Z,0,finalized,usd_cent,100,1.0,97,0.97,100,1.0,0,0.0,3,0.03,99,0.99,97,0.97,100,1.0,99,0.99,23743,0,0,0.0,2057,yes,100.0,1.0,True,5.50,,0,greater,4.0,"If the upper bound of the target federal funds rate published on the Federal Reserve's official website is greater than 4.00% following the Federal Reserve's July 31, 2024 meeting, then the market resolves to Yes.","This market will expire the first 2:05 PM ET following the release of a Federal Reserve statement for their July 31, 2024 meeting or one week following the last day of that meeting.",,1,,,
FED-24JUN-T5.50,FED-24JUN,binary,Will the upper bound of the federal funds rate be above 5.50% following the Fed's June meeting?,5.50%:: Hike,Above 5.50%,5.50% or below,2023-07-06T14:00:00Z,2024-06-12T17:55:00Z,2024-06-12T18:05:00Z,2024-06-19T18:05:00Z,2024-06-19T18:05:00Z,0,finalized,usd_cent,100,1.0,0,0.0,2,0.02,98,0.98,100,1.0,1,0.01,0,0.0,1,0.01,1,0.01,269938,18,0,0.0,104040,no,0.0,,True,5.50,,0,greater,5.5,"If the upper bound of the target federal funds rate published on the Federal Reserve's official website is greater than 5.50% following the Federal Reserve's June 12, 2024 meeting, then the market resolves to Yes.","This market will expire the first 2:05 PM ET following the release of a Federal Reserve statement for their June 12, 2024 meeting or one week following the last day of that meeting.",,1,,,
FED-24JUN-T5.25,FED-24JUN,binary,Will the upper bound of the federal funds rate be above 5.25% following the Fed's June meeting?,5.25%:: Hike or no change,Above 5.25%,5.25% or below,2023-07-06T14:00:00Z,2024-06-12T17:55:00Z,2024-06-12T18:05:00Z,2024-06-19T18:05:00Z,2024-06-19T18:05:00Z,0,finalized,usd_cent,100,1.0,99,0.99,100,1.0,0,0.0,1,0.01,98,0.98,99,0.99,100,1.0,99,0.99,1349824,13585,0,0.0,247893,yes,100.0,1.0,True,5.50,,0,greater,5.25,"If the upper bound of the target federal funds rate published on the Federal Reserve's official website is greater than 5.25% following the Federal Reserve's June 12, 2024 meeting, then the market resolves to Yes.","This market will expire the first 2:05 PM ET following the release of a Federal Reserve statement for their June 12, 2024 meeting or one week following the last day of that meeting.",,1,,,
FED-24JUN-T5.00,FED-24JUN,binary,Will the upper bound of the federal funds rate be above 5.00% following the Fed's June meeting?,5.00%,Above 5.00%,5.00% or below,2023-07-06T14:00:00Z,2024-06-12T17:55:00Z,2024-06-12T18:05:00Z,2024-06-19T18:05:00Z,2024-06-19T18:05:00Z,0,finalized,usd_cent,100,1.0,99,0.99,100,1.0,0,0.0,1,0.01,99,0.99,99,0.99,100,1.0,99,0.99,67497,0,0,0.0,16078,yes,100.0,1.0,True,5.50,,0,greater,5.0,"If the upper bound of the target federal funds rate published on the Federal Reserve's official website is greater than 5.00% following the Federal Reserve's June 12, 2024 meeting, then the market resolves to Yes.","This market will expire the first 2:05 PM ET following the release of a Federal Reserve statement for their June 12, 2024 meeting or one week following the last day of that meeting.",,1,,,
FED-24JUN-T4.75,FED-24JUN,binary,Will the upper bound of the federal funds rate be above 4.75% following the Fed's June meeting?,>4.75%,Above 4.75%,4.75% or below,2023-07-06T14:00:00Z,2024-06-12T17:55:00Z,2024-06-12T18:05:00Z,2024-06-19T18:05:00Z,2024-06-19T18:05:00Z,0,finalized,usd_cent,100,1.0,98,0.98,100,1.0,0,0.0,2,0.02,99,0.99,99,0.99,100,1.0,99,0.99,68586,0,0,0.0,9346,yes,100.0,1.0,True,5.50,,0,greater,4.75,"If the upper bound of the target federal funds rate published on the Federal Reserve's official website is greater than 4.75% following the Federal Reserve's June 12, 2024 meeting, then the market resolves to Yes.","This market will expire the first 2:05 PM ET following the release of a Federal Reserve statement for their June 12, 2024 meeting or one week following the last day of that meeting.",,1,,,
FED-24JUN-T4.50,FED-24JUN,binary,Will the upper bound of the federal funds rate be above 4.50% following the Fed's June meeting?,>4.50%,Above 4.50%,4.50% or below,2023-07-06T14:00:00Z,2024-06-12T17:55:00Z,2024-06-12T18:05:00Z,2024-06-19T18:05:00Z,2024-06-19T18:05:00Z,0,finalized,usd_cent,100,1.0,99,0.99,100,1.0,0,0.0,1,0.01,97,0.97,99,0.99,100,1.0,97,0.97,93274,0,0,0.0,4614,yes,100.0,1.0,True,5.50,,0,greater,4.5,"If the upper bound of the target federal funds rate published on the Federal Reserve's official website is greater than 4.50% following the Federal Reserve's June 12, 2024 meeting, then the market resolves to Yes.","This market will expire the first 2:05 PM ET following the release of a Federal Reserve statement for their June 12, 2024 meeting or one week following the last day of that meeting.",,1,,,
FED-24JUN-T4.25,FED-24JUN,binary,Will the upper bound of the federal funds rate be above 4.25% following the Fed's June meeting?,>4.25%,Above 4.25%,4.25% or below,2023-07-06T14:00:00Z,2024-06-12T17:55:00Z,2024-06-12T18:05:00Z,2024-06-19T18:05:00Z,2024-06-19T18:05:00Z,0,finalized,usd_cent,100,1.0,99,0.99,100,1.0,0,0.0,1,0.01,97,0.97,99,0.99,100,1.0,97,0.97,23209,0,0,0.0,5751,yes,100.0,1.0,True,5.50,,0,greater,4.25,"If the upper bound of the target federal funds rate published on the Federal Reserve's official website is greater than 4.25% following the Federal Reserve's June 12, 2024 meeting, then the market resolves to Yes.","This market will expire the first 2:05 PM ET following the release of a Federal Reserve statement for their June 12, 2024 meeting or one week following the last day of that meeting.",,1,,,
FED-24JUN-T4.00,FED-24JUN,binary,Will the upper bound of the federal funds rate be above 4.00% following the Fed's June meeting?,4.00%,Above 4.00%,4.00% or below,2023-07-06T14:00:00Z,2024-06-12T17:55:00Z,2024-06-12T18:05:00Z,2024-06-19T18:05:00Z,2024-06-19T18:05:00Z,0,finalized,usd_cent,100,1.0,99,0.99,100,1.0,0,0.0,1,0.01,99,0.99,99,0.99,100,1.0,99,0.99,49404,42,0,0.0,9655,yes,100.0,1.0,True,5.50,,0,greater,4.0,"If the upper bound of the target federal funds rate published on the Federal Reserve's official website is greater than 4.00% following the Federal Reserve's June 12, 2024 meeting, then the market resolves to Yes.","This market will expire the first 2:05 PM ET following the release of a Federal Reserve statement for their June 12, 2024 meeting or one week following the last day of that meeting.",,1,,,
FED-24MAY-T5.75,FED-24MAY,binary,Will the upper bound of the federal funds rate be above 5.75% following the Fed's May meeting?,>5.75%,Above 5.75%,5.75% or below,2023-07-06T14:00:00Z,2024-05-01T17:55:00Z,2024-05-01T18:05:00Z,2024-05-08T18:05:00Z,2024-05-08T18:05:00Z,0,finalized,usd_cent,100,1.0,0,0.0,1,0.01,99,0.99,100,1.0,1,0.01,0,0.0,1,0.01,1,0.01,19757,0,0,0.0,6338,no,0.0,,True,5.50,,0,greater,5.75,"If the upper bound of the target federal funds rate published on the Federal Reserve's official website is greater than 5.75% following the Federal Reserve's May 01, 2024 meeting, then the market resolves to Yes.","This market will expire the first 2:05 PM ET following the release of a Federal Reserve statement for their May 01, 2024 meeting or one week following the last day of that meeting.",,1,,,
FED-24MAY-T5.50,FED-24MAY,binary,Will the upper bound of the federal funds rate be above 5.50% following the Fed's May meeting?,>5.50%,Above 5.50%,5.50% or below,2023-07-06T14:00:00Z,2024-05-01T17:55:00Z,2024-05-01T18:05:00Z,2024-05-08T18:05:00Z,2024-05-08T18:05:00Z,0,finalized,usd_cent,100,1.0,0,0.0,1,0.01,99,0.99,100,1.0,1,0.01,0,0.0,1,0.01,1,0.01,62082,150,0,0.0,15728,no,0.0,,True,5.50,,0,greater,5.5,"If the upper bound of the target federal funds rate published on the Federal Reserve's official website is greater than 5.50% following the Federal Reserve's May 01, 2024 meeting, then the market resolves to Yes.","This market will expire the first 2:05 PM ET following the release of a Federal Reserve statement for their May 01, 2024 meeting or one week following the last day of that meeting.",,1,,,
FED-24MAY-T5.25,FED-24MAY,binary,Will the upper bound of the federal funds rate be above 5.25% following the Fed's May meeting?,>5.25%,Above 5.25%,5.25% or below,2023-07-06T14:00:00Z,2024-05-01T17:55:00Z,2024-05-01T18:05:00Z,2024-05-08T18:05:00Z,2024-05-08T18:05:00Z,0,finalized,usd_cent,100,1.0,99,0.99,100,1.0,0,0.0,1,0.01,99,0.99,99,0.99,100,1.0,99,0.99,705302,1,0,0.0,112334,yes,100.0,1.0,True,5.50,,0,greater,5.25,"If the upper bound of the target federal funds rate published on the Federal Reserve's official website is greater than 5.25% following the Federal Reserve's May 01, 2024 meeting, then the market resolves to Yes.","This market will expire the first 2:05 PM ET following the release of a Federal Reserve statement for their May 01, 2024 meeting or one week following the last day of that meeting.",,1,,,
FED-24MAY-T5.00,FED-24MAY,binary,Will the upper bound of the federal funds rate be above 5.00% following the Fed's May meeting?,>5.00%,Above 5.00%,5.00% or below,2023-07-06T14:00:00Z,2024-05-01T17:55:00Z,2024-05-01T18:05:00Z,2024-05-08T18:05:00Z,2024-05-08T18:05:00Z,0,finalized,usd_cent,100,1.0,99,0.99,100,1.0,0,0.0,1,0.01,99,0.99,99,0.99,100,1.0,99,0.99,81131,0,0,0.0,11138,yes,100.0,1.0,True,5.50,,0,greater,5.0,"If the upper bound of the target federal funds rate published on the Federal Reserve's official website is greater than 5.00% following the Federal Reserve's May 01, 2024 meeting, then the market resolves to Yes.","This market will expire the first 2:05 PM ET following the release of a Federal Reserve statement for their May 01, 2024 meeting or one week following the last day of that meeting.",,1,,,
FED-24MAY-T4.75,FED-24MAY,binary,Will the upper bound of the federal funds rate be above 4.75% following the Fed's May meeting?,>4.75%,Above 4.75%,4.75% or below,2023-07-06T14:00:00Z,2024-05-01T17:55:00Z,2024-05-01T18:05:00Z,2024-05-08T18:05:00Z,2024-05-08T18:05:00Z,0,finalized,usd_cent,100,1.0,99,0.99,100,1.0,0,0.0,1,0.01,97,0.97,99,0.99,100,1.0,97,0.97,114276,0,0,0.0,8482,yes,100.0,1.0,True,5.50,,0,greater,4.75,"If the upper bound of the target federal funds rate published on the Federal Reserve's official website is greater than 4.75% following the Federal Reserve's May 01, 2024 meeting, then the market resolves to Yes.","This market will expire the first 2:05 PM ET following the release of a Federal Reserve statement for their May 01, 2024 meeting or one week following the last day of that meeting.",,1,,,
FED-24MAY-T4.50,FED-24MAY,binary,Will the upper bound of the federal funds rate be above 4.50% following the Fed's May meeting?,>4.50%,Above 4.50%,4.50% or below,2023-07-06T14:00:00Z,2024-05-01T17:55:00Z,2024-05-01T18:05:00Z,2024-05-08T18:05:00Z,2024-05-08T18:05:00Z,0,finalized,usd_cent,100,1.0,99,0.99,100,1.0,0,0.0,1,0.01,96,0.96,99,0.99,100,1.0,96,0.96,29644,0,0,0.0,5860,yes,100.0,1.0,True,5.50,,0,greater,4.5,"If the upper bound of the target federal funds rate published on the Federal Reserve's official website is greater than 4.50% following the Federal Reserve's May 01, 2024 meeting, then the market resolves to Yes.","This market will expire the first 2:05 PM ET following the release of a Federal Reserve statement for their May 01, 2024 meeting or one week following the last day of that meeting.",,1,,,
FED-24MAY-T4.25,FED-24MAY,binary,Will the upper bound of the federal funds rate be above 4.25% following the Fed's May meeting?,>4.25%,Above 4.25%,4.25% or below,2023-07-06T14:00:00Z,2024-05-01T17:55:00Z,2024-05-01T18:05:00Z,2024-05-08T18:05:00Z,2024-05-08T18:05:00Z,0,finalized,usd_cent,100,1.0,99,0.99,100,1.0,0,0.0,1,0.01,99,0.99,99,0.99,100,1.0,99,0.99,132250,0,0,0.0,3038,yes,100.0,1.0,True,5.50,,0,greater,4.25,"If the upper bound of the target federal funds rate published on the Federal Reserve's official website is greater than 4.25% following the Federal Reserve's May 01, 2024 meeting, then the market resolves to Yes.","This market will expire the first 2:05 PM ET following the release of a Federal Reserve statement for their May 01, 2024 meeting or one week following the last day of that meeting.",,1,,,
FED-24MAR-T6.00,FED-24MAR,binary,Will the upper bound of the federal funds rate be above 6.00% following the Fed's March meeting?,>6.00%,Above 6.00%,6.00% or below,2023-07-06T14:00:00Z,2024-03-20T17:55:00Z,2024-03-20T18:05:00Z,2024-03-27T18:05:00Z,2024-03-27T18:05:00Z,0,finalized,usd_cent,100,1.0,0,0.0,1,0.01,99,0.99,100,1.0,1,0.01,0,0.0,1,0.01,0,0.0,1107,0,0,0.0,1107,no,0.0,,True,5.50,,0,greater,6.0,"If the upper bound of the target federal funds rate published on the Federal Reserve's official website is greater than 6.00% following the Federal Reserve's March 20, 2024 meeting, then the market resolves to Yes.","This market will expire the first 2:05 PM ET following the release of a Federal Reserve statement for their March 20, 2024 meeting or one week following the last day of that meeting.",,1,,,
FED-24MAR-T5.75,FED-24MAR,binary,Will the upper bound of the federal funds rate be above 5.75% following the Fed's March meeting?,>5.75%,Above 5.75%,5.75% or below,2023-07-06T14:00:00Z,2024-03-20T17:55:00Z,2024-03-20T18:05:00Z,2024-03-27T18:05:00Z,2024-03-27T18:05:00Z,0,finalized,usd_cent,100,1.0,0,0.0,1,0.01,99,0.99,100,1.0,1,0.01,0,0.0,1,0.01,1,0.01,30880,0,0,0.0,13749,no,0.0,,True,5.50,,0,greater,5.75,"If the upper bound of the target federal funds rate published on the Federal Reserve's official website is greater than 5.75% following the Federal Reserve's March 20, 2024 meeting, then the market resolves to Yes.","This market will expire the first 2:05 PM ET following the release of a Federal Reserve statement for their March 20, 2024 meeting or one week following the last day of that meeting.",,1,,,
FED-24MAR-T5.50,FED-24MAR,binary,Will the upper bound of the federal funds rate be above 5.50% following the Fed's March meeting?,>5.50%,Above 5.50%,5.50% or below,2023-07-06T14:00:00Z,2024-03-20T17:55:00Z,2024-03-20T18:05:00Z,2024-03-27T18:05:00Z,2024-03-27T18:05:00Z,0,finalized,usd_cent,100,1.0,0,0.0,2,0.02,98,0.98,100,1.0,1,0.01,0,0.0,1,0.01,1,0.01,78931,672,0,0.0,21950,no,0.0,,True,5.50,,0,greater,5.5,"If the upper bound of the target federal funds rate published on the Federal Reserve's official website is greater than 5.50% following the Federal Reserve's March 20, 2024 meeting, then the market resolves to Yes.","This market will expire the first 2:05 PM ET following the release of a Federal Reserve statement for their March 20, 2024 meeting or one week following the last day of that meeting.",,1,,,
FED-24MAR-T5.25,FED-24MAR,binary,Will the upper bound of the federal funds rate be above 5.25% following the Fed's March meeting?,>5.25%,Above 5.25%,5.25% or below,2023-07-06T14:00:00Z,2024-03-20T17:55:00Z,2024-03-20T18:05:00Z,2024-03-27T18:05:00Z,2024-03-27T18:05:00Z,0,finalized,usd_cent,100,1.0,99,0.99,100,1.0,0,0.0,1,0.01,99,0.99,99,0.99,100,1.0,96,0.96,667089,12327,0,0.0,89288,yes,100.0,1.0,True,5.50,,0,greater,5.25,"If the upper bound of the target federal funds rate published on the Federal Reserve's official website is greater than 5.25% following the Federal Reserve's March 20, 2024 meeting, then the market resolves to Yes.","This market will expire the first 2:05 PM ET following the release of a Federal Reserve statement for their March 20, 2024 meeting or one week following the last day of that meeting.",,1,,,
FED-24MAR-T5.00,FED-24MAR,binary,Will the upper bound of the federal funds rate be above 5.00% following the Fed's March meeting?,>5.00%,Above 5.00%,5.00% or below,2023-07-06T14:00:00Z,2024-03-20T17:55:00Z,2024-03-20T18:05:00Z,2024-03-27T18:05:00Z,2024-03-27T18:05:00Z,0,finalized,usd_cent,100,1.0,99,0.99,100,1.0,0,0.0,1,0.01,99,0.99,99,0.99,100,1.0,98,0.98,399013,0,0,0.0,74003,yes,100.0,1.0,True,5.50,,0,greater,5.0,"If the upper bound of the target federal funds rate published on the Federal Reserve's official website is greater than 5.00% following the Federal Reserve's March 20, 2024 meeting, then the market resolves to Yes.","This market will expire the first 2:05 PM ET following the release of a Federal Reserve statement for their March 20, 2024 meeting or one week following the last day of that meeting.",,1,,,
FED-24MAR-T4.75,FED-24MAR,binary,Will the upper bound of the federal funds rate be above 4.75% following the Fed's March meeting?,>4.75%,Above 4.75%,4.75% or below,2023-07-06T14:00:00Z,2024-03-20T17:55:00Z,2024-03-20T18:05:00Z,2024-03-27T18:05:00Z,2024-03-27T18:05:00Z,0,finalized,usd_cent,100,1.0,99,0.99,100,1.0,0,0.0,1,0.01,99,0.99,99,0.99,100,1.0,97,0.97,357892,0,0,0.0,73063,yes,100.0,1.0,True,5.50,,0,greater,4.75,"If the upper bound of the target federal funds rate published on the Federal Reserve's official website is greater than 4.75% following the Federal Reserve's March 20, 2024 meeting, then the market resolves to Yes.","This market will expire the first 2:05 PM ET following the release of a Federal Reserve statement for their March 20, 2024 meeting or one week following the last day of that meeting.",,1,,,
FED-24MAR-T4.50,FED-24MAR,binary,Will the upper bound of the federal funds rate be above 4.50% following the Fed's March meeting?,>4.50%,Above 4.50%,4.50% or below,2023-07-06T14:00:00Z,2024-03-20T17:55:00Z,2024-03-20T18:05:00Z,2024-03-27T18:05:00Z,2024-03-27T18:05:00Z,0,finalized,usd_cent,100,1.0,99,0.99,100,1.0,0,0.0,1,0.01,99,0.99,99,0.99,100,1.0,98,0.98,45898,0,0,0.0,3347,yes,100.0,1.0,True,5.50,,0,greater,4.5,"If the upper bound of the target federal funds rate published on the Federal Reserve's official website is greater than 4.50% following the Federal Reserve's March 20, 2024 meeting, then the market resolves to Yes.","This market will expire the first 2:05 PM ET following the release of a Federal Reserve statement for their March 20, 2024 meeting or one week following the last day of that meeting.",,1,,,
KXDOTPLOT-25SEP-3.9,KXDOTPLOT-25SEP,binary,Will the median dot move up in the Fed's next 2024 dot plot?,Above 3.9,Above 3.9,Above 3.9,2025-07-08T14:00:00Z,2025-09-17T17:55:00Z,2025-09-17T14:00:00Z,2025-09-24T14:00:00Z,2025-09-24T14:00:00Z,3599,finalized,usd_cent,100,1.0,0,0.0,100,1.0,0,0.0,100,1.0,2,0.02,0,0.0,100,1.0,2,0.02,10712,0,-39019,-390.19,3933,no,0.0,,True,3.6,,0,greater,3.9,"If the median dot plot for 2025 is above 3.9 at the Fed's Sep 17, 2025 meeting, then the market resolves to Yes.",,"When this data is released, the market will close the next 2:05 PM ET.",1,,,
KXDOTPLOT-25JUN-3.9,KXDOTPLOT-25JUN,binary,Will the median dot move up in the Fed's next 2024 dot plot?,Above 3.9,Above 3.9,Above 3.9,2025-06-13T18:00:00Z,2025-06-18T17:55:00Z,2025-06-18T14:00:00Z,2025-06-25T14:00:00Z,2025-06-25T14:00:00Z,3599,finalized,usd_cent,100,1.0,0,0.0,100,1.0,0,0.0,100,1.0,65,0.65,0,0.0,100,1.0,65,0.65,5,0,0,0.0,5,no,0.0,,True,3.9,,0,greater,3.9,"If the median dot plot for 2024 is above 3.9 at the Fed's Jun 18, 2025 meeting, then the market resolves to Yes.",,"When this data is released, the market will close the next 2:05 PM ET.",1,,,
DOTPLOT-24SEP-5.1,DOTPLOT-24SEP,binary,Will the median dot move up in the Fed's next 2024 dot plot?,Above 5.1,Above 5.1,Not Above 5.1,2024-06-12T19:45:00Z,2024-09-18T17:55:00Z,2024-09-18T14:00:00Z,2024-09-25T14:00:00Z,2024-09-25T14:00:00Z,3599,finalized,usd_cent,100,1.0,1,0.01,47,0.47,53,0.53,99,0.99,1,0.01,1,0.01,47,0.47,0,0.0,8,0,0,0.0,5,no,0.0,,True,4.4,,0,greater,5.1,"If the median dot plot for 2024 is above 5.1 at the Fed's Sep 18, 2024 meeting, then the market resolves to Yes.",,"When this data is released, the market will close the next 2:05 PM ET.",1,,,
DOTPLOT-24JUN-4.6,DOTPLOT-24JUN,binary,Will the median dot move up in the Fed's next 2024 dot plot?,Above 4.6,Above 4.6,Not Above 4.6,2024-04-22T12:00:00Z,2024-06-12T17:55:00Z,2024-06-12T14:00:00Z,2024-06-19T14:00:00Z,2024-06-19T14:00:00Z,3599,finalized,usd_cent,100,1.0,88,0.88,100,1.0,0,0.0,12,0.12,88,0.88,89,0.89,100,1.0,88,0.88,3830,0,0,0.0,3149,yes,100.0,1.0,True,5.1,,0,greater,4.6,"If the median dot plot for 2024 is above 4.6 at the Fed's Jun 12, 2024 meeting, then the market resolves to Yes.",,"When this data is released, the market will close the next 2:05 PM ET.",1,,,
KXRATECUTE-24NOV07,KXRATECUTE-24NOV07,binary,"Will the Federal Reserve cut rates by November 07, 2024?","November 07, 2024",Cuts,Cuts,2024-11-04T19:00:00Z,2024-11-07T18:55:00Z,2024-11-08T15:00:00Z,2024-11-08T15:00:00Z,2024-11-08T15:00:00Z,3600,finalized,usd_cent,100,1.0,95,0.95,96,0.96,4,0.04,5,0.05,95,0.95,95,0.95,96,0.96,95,0.95,443416,0,0,0.0,371162,yes,100.0,1.0,True,Yes,,0,,,"If the Federal Reserve cuts its target federal funds rate range at least once between November 04, 2024 and November 07, 2024, then the market resolves to Yes.",The market will close and determine on the first 10 AM ET following the occurrence of the event if the event occurs prior to the target date.,,1,,,
KXFOMCDISSENTCOUNT-25JUL-4,KXFOMCDISSENTCOUNT-25JUL,binary,How many dissenting votes at the next Fed meeting?,,4,4,2025-07-24T14:00:00Z,2025-07-30T17:59:00Z,2025-07-30T14:00:00Z,2025-08-06T14:00:00Z,2025-08-06T14:00:00Z,1800,finalized,usd_cent,100,1.0,0,0.0,100,1.0,0,0.0,100,1.0,2,0.02,0,0.0,100,1.0,2,0.02,489,0,0,0.0,489,no,0.0,,True,2,,0,between,4.0,"If there are exactly 4 dissenting votes at the next scheduled FOMC meeting (scheduled for Jul 30, 2025), then the market resolves to Yes.",,This market will close and expire early if the event occurs.,1,,4.0,
KXFOMCDISSENTCOUNT-25JUL-3,KXFOMCDISSENTCOUNT-25JUL,binary,How many dissenting votes at the next Fed meeting?,,3,3,2025-07-24T14:00:00Z,2025-07-30T17:59:00Z,2025-07-30T14:00:00Z,2025-08-06T14:00:00Z,2025-08-06T14:00:00Z,1800,finalized,usd_cent,100,1.0,0,0.0,100,1.0,0,0.0,100,1.0,3,0.03,0,0.0,100,1.0,3,0.03,3404,0,0,0.0,3195,no,0.0,,True,2,,0,between,3.0,"If there are exactly 3 dissenting votes at the next scheduled FOMC meeting (scheduled for Jul 30, 2025), then the market resolves to Yes.",,This market will close and expire early if the event occurs.,1,,3.0,
KXFOMCDISSENTCOUNT-25JUL-2,KXFOMCDISSENTCOUNT-25JUL,binary,How many dissenting votes at the next Fed meeting?,,2,2,2025-07-24T14:00:00Z,2025-07-30T17:59:00Z,2025-07-30T14:00:00Z,2025-08-06T14:00:00Z,2025-08-06T14:00:00Z,1800,finalized,usd_cent,100,1.0,0,0.0,100,1.0,0,0.0,100,1.0,63,0.63,0,0.0,100,1.0,63,0.63,12411,0,-216,-2.16,7450,yes,100.0,1.0,True,2,,0,between,2.0,"If there are exactly 2 dissenting votes at the next scheduled FOMC meeting (scheduled for Jul 30, 2025), then the market resolves to Yes.",,This market will close and expire early if the event occurs.,1,,2.0,
KXFOMCDISSENTCOUNT-25JUL-1,KXFOMCDISSENTCOUNT-25JUL,binary,How many dissenting votes at the next Fed meeting?,,1,1,2025-07-24T14:00:00Z,2025-07-30T17:59:00Z,2025-07-30T14:00:00Z,2025-08-06T14:00:00Z,2025-08-06T14:00:00Z,1800,finalized,usd_cent,100,1.0,0,0.0,100,1.0,0,0.0,100,1.0,38,0.38,0,0.0,100,1.0,38,0.38,2170,0,0,0.0,2107,no,0.0,,True,2,,0,between,1.0,"If there are exactly 1 dissenting votes at the next scheduled FOMC meeting (scheduled for Jul 30, 2025), then the market resolves to Yes.",,This market will close and expire early if the event occurs.,1,,1.0,
KXFOMCDISSENTCOUNT-25JUL-0,KXFOMCDISSENTCOUNT-25JUL,binary,How many dissenting votes at the next Fed meeting?,,0,0,2025-07-24T14:00:00Z,2025-07-30T17:59:00Z,2025-07-30T14:00:00Z,2025-08-06T14:00:00Z,2025-08-06T14:00:00Z,1800,finalized,usd_cent,100,1.0,0,0.0,100,1.0,0,0.0,100,1.0,5,0.05,0,0.0,100,1.0,5,0.05,5254,0,0,0.0,3396,no,0.0,,True,2,,0,between,0.0,"If there are exactly 0 dissenting votes at the next scheduled FOMC meeting (scheduled for Jul 30, 2025), then the market resolves to Yes.",,This market will close and expire early if the event occurs.,1,,0.0,
FEDMEET-24-25JAN01,FEDMEET-24,binary,"Will the Fed have an emergency meeting before Jan 1, 2025?","Before Jan 1, 2025","Before Jan 1, 2025","Before Jan 1, 2025",2024-08-06T12:00:01Z,2025-01-01T04:59:00Z,2024-09-18T14:00:00Z,2025-01-01T15:00:00Z,2025-01-01T15:00:00Z,3600,finalized,usd_cent,100,1.0,0,0.0,1,0.01,99,0.99,100,1.0,2,0.02,0,0.0,1,0.01,2,0.02,68465,0,0,0.0,44339,no,0.0,,True,No,,0,,,"If the Federal Open market Committee has an unscheduled meeting before Jan 1, 2025, then the market resolves to Yes.","The FOMC must meet and make (or contemplate) a change to monetary policy, as opposed to discussing/approving long-run goals or strategy. Notation votes/meetings would be included.","If this event occurs, the market will close the following 10:00 AM ET.",1,,,
FEDMEET-24-SEP17,FEDMEET-24,binary,"Will the Fed have an emergency meeting before Sep 17, 2024?",,"Before Sep 17, 2024","Before Sep 17, 2024",2024-08-06T12:00:00Z,2024-09-17T03:59:00Z,2024-09-18T14:00:00Z,2024-09-17T14:00:00Z,2024-09-17T14:00:00Z,3600,finalized,usd_cent,100,1.0,0,0.0,2,0.02,98,0.98,100,1.0,1,0.01,0,0.0,2,0.02,0,0.0,7958,0,0,0.0,4269,no,0.0,,True,No,,0,,,"If the Federal Open market Committee has an unscheduled meeting before Sep 17, 2024, then the market resolves to Yes.","The FOMC must meet and make (or contemplate) a change to monetary policy, as opposed to discussing/approving long-run goals or strategy. Notation votes/meetings would be included.","If this event occurs, the market will close the following 10:00 AM ET.",1,,,
RATECUT-24SEP17,RATECUT-24SEP17,binary,"Will the Federal Reserve cut rates before September 18, 2024?",,Cuts,Cuts,2024-08-05T16:30:00Z,2024-09-18T03:59:00Z,2024-09-18T14:00:00Z,2024-09-24T14:00:00Z,2024-09-24T14:00:00Z,3600,finalized,usd_cent,100,1.0,0,0.0,1,0.01,99,0.99,100,1.0,1,0.01,0,0.0,1,0.01,1,0.01,77850,0,0,0.0,39474,no,0.0,,True,No,,0,,,"If the Federal Reserve cuts its target federal funds rate range at least once between August 05, 2024 and September 17, 2024, then the market resolves to Yes.",The market will close and determine on the first 10 AM ET following the occurrence of the event if the event occurs prior to the target date.,,1,,,
RATECUT-25JAN29,RATECUT-25JAN29,binary,"Will the Federal Reserve cut rates before January 30, 2025?",,Cuts,Doesn't cut,2024-05-30T20:30:00Z,2024-09-19T14:00:08.964813Z,2025-01-30T15:00:00Z,2025-01-30T16:00:00Z,2025-01-30T16:00:00Z,3600,finalized,usd_cent,100,1.0,99,0.99,100,1.0,0,0.0,1,0.01,95,0.95,99,0.99,100,1.0,0,0.0,1388,0,0,0.0,42,yes,100.0,1.0,True,Yes,,0,,,"If the Federal Reserve cuts its target federal funds rate range at least once between May 30, 2024 and January 29, 2025, then the market resolves to Yes.",The market will close and determine on the first 10 AM ET following the occurrence of the event if the event occurs prior to the target date.,,1,,,
RATECUT-24NOV07,RATECUT-24NOV07,binary,"Will the Federal Reserve cut rates before November 8, 2024?",,Cuts,Doesn't cut,2023-08-29T14:00:00Z,2024-09-19T14:00:09.097776Z,2024-11-08T15:00:00Z,2024-11-14T15:00:00Z,2024-11-14T15:00:00Z,3600,finalized,usd_cent,100,1.0,99,0.99,100,1.0,0,0.0,1,0.01,96,0.96,99,0.99,100,1.0,0,0.0,212028,0,0,0.0,36511,yes,100.0,1.0,True,Yes,,0,,,"If the Federal Reserve cuts its target federal funds rate range at least once between August 29, 2023 and November 07, 2024, then the market resolves to Yes.",The market will close and determine on the first 10 AM ET following the occurrence of the event if the event occurs prior to the target date.,,1,,,
RATECUT-24SEP18,RATECUT-24SEP18,binary,"Will the Federal Reserve cut rates before September 19, 2024?",,Cuts,Doesn't cut,2023-08-29T14:00:00Z,2024-09-19T03:59:00Z,2024-09-19T14:00:00Z,2024-09-25T14:00:00Z,2024-09-25T14:00:00Z,3600,finalized,usd_cent,100,1.0,99,0.99,100,1.0,0,0.0,1,0.01,98,0.98,99,0.99,100,1.0,0,0.0,2598630,0,0,0.0,682464,yes,100.0,1.0,True,Yes,,0,,,"If the Federal Reserve cuts its target federal funds rate range at least once between August 29, 2023 and September 18, 2024, then the market resolves to Yes.",The market will close and determine on the first 10 AM ET following the occurrence of the event if the event occurs prior to the target date.,,1,,,
RATECUT-24JUL31,RATECUT-24JUL31,binary,"Will the Federal Reserve cut rates by July 31, 2024?",,Cuts,Doesn't cut,2023-08-29T14:00:00Z,2024-08-01T03:59:00Z,2024-08-01T14:00:00Z,2024-08-07T14:00:00Z,2024-08-07T14:00:00Z,3600,finalized,usd_cent,100,1.0,0,0.0,1,0.01,99,0.99,100,1.0,1,0.01,0,0.0,1,0.01,1,0.01,2529767,55415,0,0.0,323006,no,0.0,,True,No,,0,,,"If the Federal Reserve cuts its target federal funds rate range at least once between August 29, 2023 and July 31, 2024, then the market resolves to Yes.",The market will close and determine on the first 10 AM ET following the occurrence of the event if the event occurs prior to the target date.,,1,,,
RATECUT-24JUN12,RATECUT-24JUN12,binary,"Will the Federal Reserve cut rates by June 12, 2024?",,Cuts,Doesn't cut,2023-08-29T14:00:00Z,2024-06-13T03:59:00Z,2024-06-13T14:00:00Z,2024-06-19T14:00:00Z,2024-06-19T14:00:00Z,3600,finalized,usd_cent,100,1.0,0,0.0,1,0.01,99,0.99,100,1.0,1,0.01,0,0.0,1,0.01,1,0.01,1780280,37752,0,0.0,438614,no,0.0,,True,No,,0,,,"If the Federal Reserve cuts its target federal funds rate range at least once between August 29, 2023 and June 12, 2024, then the market resolves to Yes.",The market will close and determine on the first 10 AM ET following the occurrence of the event if the event occurs prior to the target date.,,1,,,
RATECUT-24MAY01,RATECUT-24MAY01,binary,"Will the Federal Reserve cut rates by May 01, 2024?",,Cuts,Doesn't cut,2023-08-29T14:00:00Z,2024-05-02T03:59:00Z,2024-05-02T14:00:00Z,2024-05-08T14:00:00Z,2024-05-08T14:00:00Z,3600,finalized,usd_cent,100,1.0,0,0.0,1,0.01,99,0.99,100,1.0,1,0.01,0,0.0,1,0.01,1,0.01,1108591,4912,0,0.0,185424,no,0.0,,True,No,,0,,,"If the Federal Reserve cuts its target federal funds rate range at least once between August 29, 2023 and May 01, 2024, then the market resolves to Yes.",The market will close and determine on the first 10 AM ET following the occurrence of the event if the event occurs prior to the target date.,,1,,,
RATECUT-24MAR20,RATECUT-24MAR20,binary,"Will the Federal Reserve cut rates by March 20, 2024?",,Cuts,Doesn't cut,2023-08-29T14:00:00Z,2024-03-21T03:59:00Z,2024-03-21T14:00:00Z,2024-03-27T14:00:00Z,2024-03-27T14:00:00Z,3600,finalized,usd_cent,100,1.0,0,0.0,1,0.01,99,0.99,100,1.0,1,0.01,0,0.0,1,0.01,4,0.04,771470,1637,0,0.0,164982,no,0.0,,True,No,,0,,,"If the Federal Reserve cuts its target federal funds rate range at least once between August 29, 2023 and March 20, 2024, then the market resolves to Yes.",The market will close and determine on the first 10 AM ET following the occurrence of the event if the event occurs prior to the target date.,,1,,,
RATECUT-24DEC31,RATECUT-24DEC31,binary,Will the Federal Reserve cut rates before 2025?,,Cuts,Doesn't cut,2022-12-13T15:00:00Z,2024-09-19T14:00:09.200083Z,2025-01-01T15:00:00Z,2025-01-07T15:00:00Z,2025-01-07T15:00:00Z,10800,finalized,usd_cent,100,1.0,99,0.99,100,1.0,0,0.0,1,0.01,95,0.95,99,0.99,100,1.0,0,0.0,254967,0,0,0.0,28873,yes,100.0,1.0,True,Yes,,0,,,"If the Federal Reserve cuts its target federal funds rate range at least once between December 13, 2022 and December 31, 2024, then the market resolves to Yes.",The market will close and determine on the first 10 AM ET following the occurrence of the event if the event occurs prior to the target date.,,1,,,
KXBALANCESHEET-26-7,KXBALANCESHEET-26,binary,"Will the Fed's balance sheet shrink to below 7 before Jan 1, 2026?",,7 trillion,7 trillion,2024-10-28T14:00:00Z,2024-11-15T15:00:01.57223Z,2026-01-01T15:00:00Z,2026-01-01T15:00:00Z,2026-01-01T15:00:00Z,300,finalized,usd_cent,100,1.0,85,0.85,90,0.9,10,0.1,15,0.15,90,0.9,85,0.85,90,0.9,90,0.9,10466,0,0,0.0,7005,yes,100.0,1.0,True,Yes,,0,less,,"If the Federal Reserve's balance sheet is below 7 trillion before Jan 1, 2026, then the market resolves to Yes.",,"If the event occurs, the market will close ane expire the following 10:00 AM ET.",1,,7.0,
FEDHIKE-24DEC31,FEDHIKE,binary,"Will the Federal Reserve hike rates by December 31, 2024?",Before 2025,Before 2025,Not Before 2025,2023-12-14T21:45:00Z,2025-01-01T04:59:00Z,2025-12-31T15:00:00Z,2025-01-01T15:00:00Z,2025-01-01T15:00:00Z,3600,finalized,usd_cent,100,1.0,0,0.0,1,0.01,99,0.99,100,1.0,1,0.01,0,0.0,1,0.01,1,0.01,261202,0,0,0.0,63462,no,0.0,,True,No,,0,,,"If the Federal Reserve hikes again by Dec 31, 2024, then the market resolves to Yes.",,"If this event occurs, the market will close the following 10am ET.",1,,,
KXFEDDECISION-25SEP-H26,KXFEDDECISION-25SEP,binary,Will the Federal Reserve Hike rates by >25bps at their September 2025 meeting?,Hike >25bps,Hike >25bps,Hike >25bps,2025-07-30T14:00:00Z,2025-09-17T17:55:00Z,2025-09-17T18:05:00Z,2025-09-24T18:05:00Z,2025-09-24T18:05:00Z,3600,finalized,usd_cent,100,1.0,0,0.0,100,1.0,0,0.0,100,1.0,1,0.01,0,0.0,100,1.0,1,0.01,525757,0,-133476,-1334.76,525757,no,0.0,,True,Cut 25bps,,0,custom,,"If the Federal Reserve does a Hike of >25bps on September 17, 2025, then the market resolves to Yes.","This market is mutually exclusive. Therefore, if the Federal Reserve hikes by 50bps, the 50bp market will resolve to Yes and the 25bp market will resolve to No. Only one bucket, at maximum, can resolve to Yes. Note 4/28/25: For the markets beginning after the May meeting, if a scheduled FOMC meeting is canceled and does not occur on its scheduled date, then the strike for ""No change"" will resolve to Yes and all others will resolve to No.",,1,{'Hike': '>25'},,
KXFEDDECISION-25SEP-H25,KXFEDDECISION-25SEP,binary,Will the Federal Reserve Hike rates by 25bps at their September 2025 meeting?,Hike 25bps,Hike 25bps,Hike 25bps,2025-07-30T14:00:00Z,2025-09-17T17:55:00Z,2025-09-17T18:05:00Z,2025-09-24T18:05:00Z,2025-09-24T18:05:00Z,3600,finalized,usd_cent,100,1.0,0,0.0,100,1.0,0,0.0,100,1.0,1,0.01,0,0.0,100,1.0,1,0.01,1144857,0,-208499,-2084.99,1144857,no,0.0,,True,Cut 25bps,,0,custom,,"If the Federal Reserve does a Hike of 25bps on September 17, 2025, then the market resolves to Yes.","This market is mutually exclusive. Therefore, if the Federal Reserve hikes by 50bps, the 50bp market will resolve to Yes and the 25bp market will resolve to No. Only one bucket, at maximum, can resolve to Yes. Note 4/28/25: For the markets beginning after the May meeting, if a scheduled FOMC meeting is canceled and does not occur on its scheduled date, then the strike for ""No change"" will resolve to Yes and all others will resolve to No.",,1,{'Hike': '25'},,
KXFEDDECISION-25SEP-H0,KXFEDDECISION-25SEP,binary,Will the Federal Reserve Hike rates by 0bps at their September 2025 meeting?,Hike 0bps,Fed maintains rate,Fed maintains rate,2025-07-30T14:00:00Z,2025-09-17T17:55:00Z,2025-09-17T18:05:00Z,2025-09-24T18:05:00Z,2025-09-24T18:05:00Z,3600,finalized,usd_cent,100,1.0,0,0.0,100,1.0,0,0.0,100,1.0,2,0.02,0,0.0,100,1.0,2,0.02,42718863,0,1643915,16439.15,28241456,no,0.0,,True,Cut 25bps,,0,custom,,"If the Federal Reserve does a Hike of 0bps on September 17, 2025, then the market resolves to Yes.","This market is mutually exclusive. Therefore, if the Federal Reserve hikes by 50bps, the 50bp market will resolve to Yes and the 25bp market will resolve to No. Only one bucket, at maximum, can resolve to Yes. Note 4/28/25: For the markets beginning after the May meeting, if a scheduled FOMC meeting is canceled and does not occur on its scheduled date, then the strike for ""No change"" will resolve to Yes and all others will resolve to No.",,1,{'Hike': '0'},,
KXFEDDECISION-25SEP-C26,KXFEDDECISION-25SEP,binary,Will the Federal Reserve Cut rates by >25bps at their September 2025 meeting?,Cut >25bps,Cut >25bps,Cut >25bps,2025-07-30T14:00:00Z,2025-09-17T17:55:00Z,2025-09-17T18:05:00Z,2025-09-24T18:05:00Z,2025-09-24T18:05:00Z,3600,finalized,usd_cent,100,1.0,0,0.0,100,1.0,0,0.0,100,1.0,5,0.05,0,0.0,100,1.0,5,0.05,29261331,0,-1365417,-13654.17,17255096,no,0.0,,True,Cut 25bps,,0,custom,,"If the Federal Reserve does a Cut of >25bps on September 17, 2025, then the market resolves to Yes.","This market is mutually exclusive. Therefore, if the Federal Reserve hikes by 50bps, the 50bp market will resolve to Yes and the 25bp market will resolve to No. Only one bucket, at maximum, can resolve to Yes. Note 4/28/25: For the markets beginning after the May meeting, if a scheduled FOMC meeting is canceled and does not occur on its scheduled date, then the strike for ""No change"" will resolve to Yes and all others will resolve to No.",,1,{'Cut': '>25'},,
KXFEDDECISION-25SEP-C25,KXFEDDECISION-25SEP,binary,Will the Federal Reserve Cut rates by 25bps at their September 2025 meeting?,Cut 25bps,Cut 25bps,Cut 25bps,2025-07-30T14:00:00Z,2025-09-17T17:55:00Z,2025-09-17T18:05:00Z,2025-09-24T18:05:00Z,2025-09-24T18:05:00Z,3600,finalized,usd_cent,100,1.0,0,0.0,100,1.0,0,0.0,100,1.0,95,0.95,0,0.0,100,1.0,95,0.95,18168848,0,6079912,60799.12,10991003,yes,100.0,1.0,True,Cut 25bps,,0,custom,,"If the Federal Reserve does a Cut of 25bps on September 17, 2025, then the market resolves to Yes.","This market is mutually exclusive. Therefore, if the Federal Reserve hikes by 50bps, the 50bp market will resolve to Yes and the 25bp market will resolve to No. Only one bucket, at maximum, can resolve to Yes. Note 4/28/25: For the markets beginning after the May meeting, if a scheduled FOMC meeting is canceled and does not occur on its scheduled date, then the strike for ""No change"" will resolve to Yes and all others will resolve to No.",,1,{'Cut': '25'},,
KXFEDDECISION-25JUL-H26,KXFEDDECISION-25JUL,binary,Will the Federal Reserve Hike rates by >25bps at their July 2025 meeting?,Hike >25bps,Hike >25bps,Hike >25bps,2025-06-18T14:00:00Z,2025-07-30T17:55:00Z,2025-07-30T18:05:00Z,2025-08-06T18:05:00Z,2025-08-06T18:05:00Z,3600,finalized,usd_cent,100,1.0,0,0.0,100,1.0,0,0.0,100,1.0,1,0.01,0,0.0,100,1.0,1,0.01,161263,0,2000,20.0,161263,no,0.0,,True,0.0,,0,custom,,"If the Federal Reserve does a Hike of >25bps on July 30, 2025, then the market resolves to Yes.","This market is mutually exclusive. Therefore, if the Federal Reserve hikes by 50bps, the 50bp market will resolve to Yes and the 25bp market will resolve to No. Only one bucket, at maximum, can resolve to Yes. Note 4/28/25: For the markets beginning after the May meeting, if a scheduled FOMC meeting is canceled and does not occur on its scheduled date, then the strike for ""No change"" will resolve to Yes and all others will resolve to No.",,1,{'Hike': '>25'},,
KXFEDDECISION-25JUL-H25,KXFEDDECISION-25JUL,binary,Will the Federal Reserve Hike rates by 25bps at their July 2025 meeting?,Hike 25bps,Hike 25bps,Hike 25bps,2025-06-18T14:00:00Z,2025-07-30T17:55:00Z,2025-07-30T18:05:00Z,2025-08-06T18:05:00Z,2025-08-06T18:05:00Z,3600,finalized,usd_cent,100,1.0,0,0.0,100,1.0,0,0.0,100,1.0,1,0.01,0,0.0,100,1.0,1,0.01,558764,0,2000,20.0,558764,no,0.0,,True,0.0,,0,custom,,"If the Federal Reserve does a Hike of 25bps on July 30, 2025, then the market resolves to Yes.","This market is mutually exclusive. Therefore, if the Federal Reserve hikes by 50bps, the 50bp market will resolve to Yes and the 25bp market will resolve to No. Only one bucket, at maximum, can resolve to Yes. Note 4/28/25: For the markets beginning after the May meeting, if a scheduled FOMC meeting is canceled and does not occur on its scheduled date, then the strike for ""No change"" will resolve to Yes and all others will resolve to No.",,1,{'Hike': '25'},,
KXFEDDECISION-25JUL-H0,KXFEDDECISION-25JUL,binary,Will the Federal Reserve Hike rates by 0bps at their July 2025 meeting?,Hike 0bps,Fed maintains rate,Fed maintains rate,2025-06-18T14:00:00Z,2025-07-30T17:55:00Z,2025-07-30T18:05:00Z,2025-08-06T18:05:00Z,2025-08-06T18:05:00Z,3600,finalized,usd_cent,100,1.0,0,0.0,100,1.0,0,0.0,100,1.0,97,0.97,0,0.0,100,1.0,97,0.97,15032203,0,-24319321,-243193.21,10961123,yes,100.0,1.0,True,0.0,,0,custom,,"If the Federal Reserve does a Hike of 0bps on July 30, 2025, then the market resolves to Yes.","This market is mutually exclusive. Therefore, if the Federal Reserve hikes by 50bps, the 50bp market will resolve to Yes and the 25bp market will resolve to No. Only one bucket, at maximum, can resolve to Yes. Note 4/28/25: For the markets beginning after the May meeting, if a scheduled FOMC meeting is canceled and does not occur on its scheduled date, then the strike for ""Fed maintains rate"" will resolve to Yes and all others will resolve to No. Note: this event is mutually exclusive.",,1,{'Hike': '0'},,
KXFEDDECISION-25JUL-C26,KXFEDDECISION-25JUL,binary,Will the Federal Reserve Cut rates by >25bps at their July 2025 meeting?,Cut >25bps,Cut >25bps,Cut >25bps,2025-06-18T14:00:00Z,2025-07-30T17:55:00Z,2025-07-30T18:05:00Z,2025-08-06T18:05:00Z,2025-08-06T18:05:00Z,3600,finalized,usd_cent,100,1.0,0,0.0,100,1.0,0,0.0,100,1.0,1,0.01,0,0.0,100,1.0,1,0.01,11766116,0,-36997,-369.97,9352081,no,0.0,,True,0.0,,0,custom,,"If the Federal Reserve does a Cut of >25bps on July 30, 2025, then the market resolves to Yes.","This market is mutually exclusive. Therefore, if the Federal Reserve hikes by 50bps, the 50bp market will resolve to Yes and the 25bp market will resolve to No. Only one bucket, at maximum, can resolve to Yes. Note 4/28/25: For the markets beginning after the May meeting, if a scheduled FOMC meeting is canceled and does not occur on its scheduled date, then the strike for ""No change"" will resolve to Yes and all others will resolve to No.",,1,{'Cut': '>25'},,
KXFEDDECISION-25JUL-C25,KXFEDDECISION-25JUL,binary,Will the Federal Reserve Cut rates by 25bps at their July 2025 meeting?,Cut 25bps,Cut 25bps,Cut 25bps,2025-06-18T14:00:00Z,2025-07-30T17:55:00Z,2025-07-30T18:05:00Z,2025-08-06T18:05:00Z,2025-08-06T18:05:00Z,3600,finalized,usd_cent,100,1.0,0,0.0,4,0.04,96,0.96,100,1.0,3,0.03,0,0.0,4,0.04,3,0.03,20535325,0,-5556792,-55567.92,15355791,no,0.0,,True,0.0,,0,custom,,"If the Federal Reserve does a Cut of 25bps on July 30, 2025, then the market resolves to Yes.","This market is mutually exclusive. Therefore, if the Federal Reserve hikes by 50bps, the 50bp market will resolve to Yes and the 25bp market will resolve to No. Only one bucket, at maximum, can resolve to Yes. Note 4/28/25: For the markets beginning after the May meeting, if a scheduled FOMC meeting is canceled and does not occur on its scheduled date, then the strike for ""No change"" will resolve to Yes and all others will resolve to No.",,1,{'Cut': '25'},,
KXFEDDECISION-25JUN-H26,KXFEDDECISION-25JUN,binary,Will the Federal Reserve Hike rates by >25bps at their June 2025 meeting?,Hike >25bps,Hike >25bps,Hike >25bps,2025-05-07T14:00:00Z,2025-06-18T17:55:00Z,2025-06-18T18:05:00Z,2025-06-25T18:05:00Z,2025-06-25T18:05:00Z,3600,finalized,usd_cent,100,1.0,0,0.0,100,1.0,0,0.0,100,1.0,1,0.01,0,0.0,100,1.0,1,0.01,231169,0,10550,105.5,225969,no,0.0,,True,0.0,,0,custom,,"If the Federal Reserve does a Hike of >25bps on June 18, 2025, then the market resolves to Yes.","This market is mutually exclusive. Therefore, if the Federal Reserve hikes by 50bps, the 50bp market will resolve to Yes and the 25bp market will resolve to No. Only one bucket, at maximum, can resolve to Yes.Clarification 10:10 AM ET 8/5/24: If a scheduled FOMC meeting is canceled and does not occur on its scheduled date, then all strikes in this market resolve to No.",,1,{'Hike': '>25'},,
KXFEDDECISION-25JUN-H25,KXFEDDECISION-25JUN,binary,Will the Federal Reserve Hike rates by 25bps at their June 2025 meeting?,Hike 25bps,Hike 25bps,Hike 25bps,2025-05-07T14:00:00Z,2025-06-18T17:55:00Z,2025-06-18T18:05:00Z,2025-06-25T18:05:00Z,2025-06-25T18:05:00Z,3600,finalized,usd_cent,100,1.0,0,0.0,100,1.0,0,0.0,100,1.0,1,0.01,0,0.0,100,1.0,1,0.01,911763,0,-49092,-490.92,905000,no,0.0,,True,0.0,,0,custom,,"If the Federal Reserve does a Hike of 25bps on June 18, 2025, then the market resolves to Yes.","This market is mutually exclusive. Therefore, if the Federal Reserve hikes by 50bps, the 50bp market will resolve to Yes and the 25bp market will resolve to No. Only one bucket, at maximum, can resolve to Yes.Clarification 10:10 AM ET 8/5/24: If a scheduled FOMC meeting is canceled and does not occur on its scheduled date, then all strikes in this market resolve to No.",,1,{'Hike': '25'},,
KXFEDDECISION-25JUN-H0,KXFEDDECISION-25JUN,binary,Will the Federal Reserve Hike rates by 0bps at their June 2025 meeting?,Hike 0bps,No change,No change,2025-05-07T14:00:00Z,2025-06-18T17:55:00Z,2025-06-18T18:05:00Z,2025-06-25T18:05:00Z,2025-06-25T18:05:00Z,3600,finalized,usd_cent,100,1.0,0,0.0,100,1.0,0,0.0,100,1.0,98,0.98,0,0.0,100,1.0,98,0.98,12292142,0,-1341925,-13419.25,8566055,yes,100.0,1.0,True,0.0,,0,custom,,"If the Federal Reserve does a Hike of 0bps on June 18, 2025, then the market resolves to Yes.","This market is mutually exclusive. Therefore, if the Federal Reserve hikes by 50bps, the 50bp market will resolve to Yes and the 25bp market will resolve to No. Only one bucket, at maximum, can resolve to Yes.Clarification 10:10 AM ET 8/5/24: If a scheduled FOMC meeting is canceled and does not occur on its scheduled date, then all strikes in this market resolve to No.",,1,{'Hike': '0'},,
KXFEDDECISION-25JUN-C26,KXFEDDECISION-25JUN,binary,Will the Federal Reserve Cut rates by >25bps at their June 2025 meeting?,Cut >25bps,Cut >25bps,Cut >25bps,2025-05-07T14:00:00Z,2025-06-18T17:55:00Z,2025-06-18T18:05:00Z,2025-06-25T18:05:00Z,2025-06-25T18:05:00Z,3600,finalized,usd_cent,100,1.0,0,0.0,100,1.0,0,0.0,100,1.0,1,0.01,0,0.0,100,1.0,1,0.01,6007639,0,-301,-3.01,5781867,no,0.0,,True,0.0,,0,custom,,"If the Federal Reserve does a Cut of >25bps on June 18, 2025, then the market resolves to Yes.","This market is mutually exclusive. Therefore, if the Federal Reserve hikes by 50bps, the 50bp market will resolve to Yes and the 25bp market will resolve to No. Only one bucket, at maximum, can resolve to Yes.Clarification 10:10 AM ET 8/5/24: If a scheduled FOMC meeting is canceled and does not occur on its scheduled date, then all strikes in this market resolve to No.",,1,{'Cut': '>25'},,
KXFEDDECISION-25JUN-C25,KXFEDDECISION-25JUN,binary,Will the Federal Reserve Cut rates by 25bps at their June 2025 meeting?,Cut 25bps,Cut 25bps,Cut 25bps,2025-05-07T14:00:00Z,2025-06-18T17:55:00Z,2025-06-18T18:05:00Z,2025-06-25T18:05:00Z,2025-06-25T18:05:00Z,3600,finalized,usd_cent,100,1.0,0,0.0,100,1.0,0,0.0,100,1.0,2,0.02,0,0.0,100,1.0,2,0.02,17062008,0,1034426,10344.26,11735202,no,0.0,,True,0.0,,0,custom,,"If the Federal Reserve does a Cut of 25bps on June 18, 2025, then the market resolves to Yes.","This market is mutually exclusive. Therefore, if the Federal Reserve hikes by 50bps, the 50bp market will resolve to Yes and the 25bp market will resolve to No. Only one bucket, at maximum, can resolve to Yes.Clarification 10:10 AM ET 8/5/24: If a scheduled FOMC meeting is canceled and does not occur on its scheduled date, then all strikes in this market resolve to No.",,1,{'Cut': '25'},,
KXFEDDECISION-25MAY-H26,KXFEDDECISION-25MAY,binary,Will the Federal Reserve Hike rates by >25bps at their May 2025 meeting?,Hike >25bps,Hike >25bps,Hike >25bps,2025-03-19T14:00:00Z,2025-05-07T17:55:00Z,2025-05-07T18:05:00Z,2025-05-14T18:05:00Z,2025-05-14T18:05:00Z,3600,finalized,usd_cent,100,1.0,0,0.0,100,1.0,0,0.0,100,1.0,1,0.01,0,0.0,100,1.0,1,0.01,740332,0,0,0.0,726525,no,0.0,,True,0.0,,0,custom,,"If the Federal Reserve does a Hike of >25bps on May 07, 2025, then the market resolves to Yes.","This market is mutually exclusive. Therefore, if the Federal Reserve hikes by 50bps, the 50bp market will resolve to Yes and the 25bp market will resolve to No. Only one bucket, at maximum, can resolve to Yes.Clarification 10:10 AM ET 8/5/24: If a scheduled FOMC meeting is canceled and does not occur on its scheduled date, then all strikes in this market resolve to No.",,1,{'Hike': '>25'},,
KXFEDDECISION-25MAY-H25,KXFEDDECISION-25MAY,binary,Will the Federal Reserve Hike rates by 25bps at their May 2025 meeting?,Hike 25bps,Hike 25bps,Hike 25bps,2025-03-19T14:00:00Z,2025-05-07T17:55:00Z,2025-05-07T18:05:00Z,2025-05-14T18:05:00Z,2025-05-14T18:05:00Z,3600,finalized,usd_cent,100,1.0,0,0.0,100,1.0,0,0.0,100,1.0,1,0.01,0,0.0,100,1.0,1,0.01,2008280,0,4948732,49487.32,1908487,no,0.0,,True,0.0,,0,custom,,"If the Federal Reserve does a Hike of 25bps on May 07, 2025, then the market resolves to Yes.","This market is mutually exclusive. Therefore, if the Federal Reserve hikes by 50bps, the 50bp market will resolve to Yes and the 25bp market will resolve to No. Only one bucket, at maximum, can resolve to Yes.Clarification 10:10 AM ET 8/5/24: If a scheduled FOMC meeting is canceled and does not occur on its scheduled date, then all strikes in this market resolve to No.",,1,{'Hike': '25'},,
KXFEDDECISION-25MAY-H0,KXFEDDECISION-25MAY,binary,Will the Federal Reserve Hike rates by 0bps at their May 2025 meeting?,Hike 0bps,No change,No change,2025-03-19T14:00:00Z,2025-05-07T17:55:00Z,2025-05-07T18:05:00Z,2025-05-14T18:05:00Z,2025-05-14T18:05:00Z,3600,finalized,usd_cent,100,1.0,0,0.0,100,1.0,0,0.0,100,1.0,96,0.96,0,0.0,100,1.0,96,0.96,13237803,0,2467135,24671.35,7394458,yes,100.0,1.0,True,0.0,,0,custom,,"If the Federal Reserve does a Hike of 0bps on May 07, 2025, then the market resolves to Yes.","This market is mutually exclusive. Therefore, if the Federal Reserve hikes by 50bps, the 50bp market will resolve to Yes and the 25bp market will resolve to No. Only one bucket, at maximum, can resolve to Yes.Clarification 10:10 AM ET 8/5/24: If a scheduled FOMC meeting is canceled and does not occur on its scheduled date, then all strikes in this market resolve to No.",,1,{'Hike': '0'},,
KXFEDDECISION-25MAY-C26,KXFEDDECISION-25MAY,binary,Will the Federal Reserve Cut rates by >25bps at their May 2025 meeting?,Cut >25bps,Cut >25bps,Cut >25bps,2025-03-19T14:00:00Z,2025-05-07T17:55:00Z,2025-05-07T18:05:00Z,2025-05-14T18:05:00Z,2025-05-14T18:05:00Z,3600,finalized,usd_cent,100,1.0,0,0.0,100,1.0,0,0.0,100,1.0,1,0.01,0,0.0,100,1.0,1,0.01,7617148,0,-547074,-5470.74,5778214,no,0.0,,True,0.0,,0,custom,,"If the Federal Reserve does a Cut of >25bps on May 07, 2025, then the market resolves to Yes.","This market is mutually exclusive. Therefore, if the Federal Reserve hikes by 50bps, the 50bp market will resolve to Yes and the 25bp market will resolve to No. Only one bucket, at maximum, can resolve to Yes.Clarification 10:10 AM ET 8/5/24: If a scheduled FOMC meeting is canceled and does not occur on its scheduled date, then all strikes in this market resolve to No.",,1,{'Cut': '>25'},,
KXFEDDECISION-25MAY-C25,KXFEDDECISION-25MAY,binary,Will the Federal Reserve Cut rates by 25bps at their May 2025 meeting?,Cut 25bps,Cut 25bps,Cut 25bps,2025-03-19T14:00:00Z,2025-05-07T17:55:00Z,2025-05-07T18:05:00Z,2025-05-14T18:05:00Z,2025-05-14T18:05:00Z,3600,finalized,usd_cent,100,1.0,0,0.0,100,1.0,0,0.0,100,1.0,4,0.04,0,0.0,100,1.0,4,0.04,17739576,0,137408,1374.08,11694972,no,0.0,,True,0.0,,0,custom,,"If the Federal Reserve does a Cut of 25bps on May 07, 2025, then the market resolves to Yes.","This market is mutually exclusive. Therefore, if the Federal Reserve hikes by 50bps, the 50bp market will resolve to Yes and the 25bp market will resolve to No. Only one bucket, at maximum, can resolve to Yes.Clarification 10:10 AM ET 8/5/24: If a scheduled FOMC meeting is canceled and does not occur on its scheduled date, then all strikes in this market resolve to No.",,1,{'Cut': '25'},,
KXFEDDECISION-25MAR-H26,KXFEDDECISION-25MAR,binary,Will the Federal Reserve Hike rates by >25bps at their March 2025 meeting?,Hike >25bps,Hike >25bps,Hike >25bps,2025-01-29T15:00:00Z,2025-03-19T17:55:00Z,2025-03-19T18:05:00Z,2025-03-26T18:05:00Z,2025-03-26T18:05:00Z,3600,finalized,usd_cent,100,1.0,0,0.0,1,0.01,99,0.99,100,1.0,1,0.01,0,0.0,1,0.01,1,0.01,80753,0,0,0.0,80753,no,0.0,,True,0.0,,0,custom,,"If the Federal Reserve does a Hike of >25bps on March 19, 2025, then the market resolves to Yes.","This market is mutually exclusive. Therefore, if the Federal Reserve hikes by 50bps, the 50bp market will resolve to Yes and the 25bp market will resolve to No. Only one bucket, at maximum, can resolve to Yes.Clarification 10:10 AM ET 8/5/24: If a scheduled FOMC meeting is canceled and does not occur on its scheduled date, then all strikes in this market resolve to No.",,1,{'Hike': '>25'},,
KXFEDDECISION-25MAR-H25,KXFEDDECISION-25MAR,binary,Will the Federal Reserve Hike rates by 25bps at their March 2025 meeting?,Hike 25bps,Hike 25bps,Hike 25bps,2025-01-29T15:00:00Z,2025-03-19T17:55:00Z,2025-03-19T18:05:00Z,2025-03-26T18:05:00Z,2025-03-26T18:05:00Z,3600,finalized,usd_cent,100,1.0,0,0.0,1,0.01,99,0.99,100,1.0,1,0.01,0,0.0,1,0.01,1,0.01,157202,0,0,0.0,155508,no,0.0,,True,0.0,,0,custom,,"If the Federal Reserve does a Hike of 25bps on March 19, 2025, then the market resolves to Yes.","This market is mutually exclusive. Therefore, if the Federal Reserve hikes by 50bps, the 50bp market will resolve to Yes and the 25bp market will resolve to No. Only one bucket, at maximum, can resolve to Yes.Clarification 10:10 AM ET 8/5/24: If a scheduled FOMC meeting is canceled and does not occur on its scheduled date, then all strikes in this market resolve to No.",,1,{'Hike': '25'},,
KXFEDDECISION-25MAR-H0,KXFEDDECISION-25MAR,binary,Will the Federal Reserve Hike rates by 0bps at their March 2025 meeting?,Hike 0bps,No change,No change,2025-01-29T15:00:00Z,2025-03-19T17:55:00Z,2025-03-19T18:05:00Z,2025-03-26T18:05:00Z,2025-03-26T18:05:00Z,3600,finalized,usd_cent,100,1.0,99,0.99,100,1.0,0,0.0,1,0.01,99,0.99,99,0.99,100,1.0,99,0.99,1322446,0,-6318,-63.18,615554,yes,100.0,1.0,True,0.0,,0,custom,,"If the Federal Reserve does a Hike of 0bps on March 19, 2025, then the market resolves to Yes.","This market is mutually exclusive. Therefore, if the Federal Reserve hikes by 50bps, the 50bp market will resolve to Yes and the 25bp market will resolve to No. Only one bucket, at maximum, can resolve to Yes.Clarification 10:10 AM ET 8/5/24: If a scheduled FOMC meeting is canceled and does not occur on its scheduled date, then all strikes in this market resolve to No.",,1,{'Hike': '0'},,
KXFEDDECISION-25MAR-C25,KXFEDDECISION-25MAR,binary,Will the Federal Reserve Cut rates by 25bps at their March 2025 meeting?,Cut 25bps,Cut 25bps,Cut 25bps,2025-01-29T15:00:00Z,2025-03-19T17:55:00Z,2025-03-19T18:05:00Z,2025-03-26T18:05:00Z,2025-03-26T18:05:00Z,3600,finalized,usd_cent,100,1.0,0,0.0,1,0.01,99,0.99,100,1.0,1,0.01,0,0.0,1,0.01,1,0.01,944579,0,47,0.47,513462,no,0.0,,True,0.0,,0,custom,,"If the Federal Reserve does a Cut of 25bps on March 19, 2025, then the market resolves to Yes.","This market is mutually exclusive. Therefore, if the Federal Reserve hikes by 50bps, the 50bp market will resolve to Yes and the 25bp market will resolve to No. Only one bucket, at maximum, can resolve to Yes.Clarification 10:10 AM ET 8/5/24: If a scheduled FOMC meeting is canceled and does not occur on its scheduled date, then all strikes in this market resolve to No.",,1,{'Cut': '25'},,
KXFEDDECISION-25MAR-C26,KXFEDDECISION-25MAR,binary,Will the Federal Reserve Cut rates by >25bps at their March 2025 meeting?,Cut >25bps,Cut >25bps,Cut >25bps,2025-01-29T15:00:00Z,2025-03-19T17:55:00Z,2025-03-19T18:05:00Z,2025-03-26T18:05:00Z,2025-03-26T18:05:00Z,3600,finalized,usd_cent,100,1.0,0,0.0,1,0.01,99,0.99,100,1.0,1,0.01,0,0.0,1,0.01,1,0.01,345005,0,0,0.0,318562,no,0.0,,True,0.0,,0,custom,,"If the Federal Reserve does a Cut of >25bps on March 19, 2025, then the market resolves to Yes.","This market is mutually exclusive. Therefore, if the Federal Reserve hikes by 50bps, the 50bp market will resolve to Yes and the 25bp market will resolve to No. Only one bucket, at maximum, can resolve to Yes.Clarification 10:10 AM ET 8/5/24: If a scheduled FOMC meeting is canceled and does not occur on its scheduled date, then all strikes in this market resolve to No.",,1,{'Cut': '>25'},,
KXFEDDECISION-25JAN-H26,KXFEDDECISION-25JAN,binary,Will the Federal Reserve Hike rates by >25bps at their January 2025 meeting?,Hike >25bps,Hike >25bps,Hike >25bps,2024-12-18T15:00:00Z,2025-01-29T18:55:00Z,2025-01-29T19:05:00Z,2025-02-05T19:05:00Z,2025-02-05T19:05:00Z,3600,finalized,usd_cent,100,1.0,0,0.0,1,0.01,99,0.99,100,1.0,1,0.01,0,0.0,1,0.01,1,0.01,12558,0,0,0.0,12558,no,0.0,,True,,,0,custom,,"If the Federal Reserve does a Hike of >25bps on January 29, 2025, then the market resolves to Yes.","This market is mutually exclusive. Therefore, if the Federal Reserve hikes by 50bps, the 50bp market will resolve to Yes and the 25bp market will resolve to No. Only one bucket, at maximum, can resolve to Yes.Clarification 10:10 AM ET 8/5/24: If a scheduled FOMC meeting is canceled and does not occur on its scheduled date, then all strikes in this market resolve to No.",,1,{'Hike': '>25'},,
KXFEDDECISION-25JAN-H25,KXFEDDECISION-25JAN,binary,Will the Federal Reserve Hike rates by 25bps at their January 2025 meeting?,Hike 25bps,Hike 25bps,Hike 25bps,2024-12-18T15:00:00Z,2025-01-29T18:55:00Z,2025-01-29T19:05:00Z,2025-02-05T19:05:00Z,2025-02-05T19:05:00Z,3600,finalized,usd_cent,100,1.0,0,0.0,1,0.01,99,0.99,100,1.0,1,0.01,0,0.0,1,0.01,1,0.01,46221,0,0,0.0,46221,no,0.0,,True,,,0,custom,,"If the Federal Reserve does a Hike of 25bps on January 29, 2025, then the market resolves to Yes.","This market is mutually exclusive. Therefore, if the Federal Reserve hikes by 50bps, the 50bp market will resolve to Yes and the 25bp market will resolve to No. Only one bucket, at maximum, can resolve to Yes.Clarification 10:10 AM ET 8/5/24: If a scheduled FOMC meeting is canceled and does not occur on its scheduled date, then all strikes in this market resolve to No.",,1,{'Hike': '25'},,
KXFEDDECISION-25JAN-H0,KXFEDDECISION-25JAN,binary,Will the Federal Reserve Hike rates by 0bps at their January 2025 meeting?,Hike 0bps,No change,No change,2024-12-18T15:00:00Z,2025-01-29T18:55:00Z,2025-01-29T19:05:00Z,2025-02-05T19:05:00Z,2025-02-05T19:05:00Z,3600,finalized,usd_cent,100,1.0,99,0.99,100,1.0,0,0.0,1,0.01,99,0.99,99,0.99,100,1.0,99,0.99,942876,0,0,0.0,559992,yes,100.0,1.0,True,0.0,,0,,,"If the Federal Reserve does a Hike of 0bps on January 29, 2025, then the market resolves to Yes.","This market is mutually exclusive. Therefore, if the Federal Reserve hikes by 50bps, the 50bp market will resolve to Yes and the 25bp market will resolve to No. Only one bucket, at maximum, can resolve to Yes.Clarification 10:10 AM ET 8/5/24: If a scheduled FOMC meeting is canceled and does not occur on its scheduled date, then all strikes in this market resolve to No.",,1,,,
KXFEDDECISION-25JAN-C26,KXFEDDECISION-25JAN,binary,Will the Federal Reserve Cut rates by >25bps at their January 2025 meeting?,Cut >25bps,Cut >25bps,Cut >25bps,2024-12-18T15:00:00Z,2025-01-29T18:55:00Z,2025-01-29T19:05:00Z,2025-02-05T19:05:00Z,2025-02-05T19:05:00Z,3600,finalized,usd_cent,100,1.0,0,0.0,1,0.01,99,0.99,100,1.0,1,0.01,0,0.0,1,0.01,1,0.01,93740,0,0,0.0,78881,no,0.0,,True,,,0,custom,,"If the Federal Reserve does a Cut of >25bps on January 29, 2025, then the market resolves to Yes.","This market is mutually exclusive. Therefore, if the Federal Reserve hikes by 50bps, the 50bp market will resolve to Yes and the 25bp market will resolve to No. Only one bucket, at maximum, can resolve to Yes.Clarification 10:10 AM ET 8/5/24: If a scheduled FOMC meeting is canceled and does not occur on its scheduled date, then all strikes in this market resolve to No.",,1,{'Cut': '>25'},,
KXFEDDECISION-25JAN-C25,KXFEDDECISION-25JAN,binary,Will the Federal Reserve Cut rates by 25bps at their January 2025 meeting?,Cut 25bps,Cut 25bps,Cut 25bps,2024-12-18T15:00:00Z,2025-01-29T18:55:00Z,2025-01-29T19:05:00Z,2025-02-05T19:05:00Z,2025-02-05T19:05:00Z,3600,finalized,usd_cent,100,1.0,0,0.0,2,0.02,98,0.98,100,1.0,2,0.02,0,0.0,2,0.02,2,0.02,938590,0,0,0.0,629086,no,0.0,,True,,,0,custom,,"If the Federal Reserve does a Cut of 25bps on January 29, 2025, then the market resolves to Yes.","This market is mutually exclusive. Therefore, if the Federal Reserve hikes by 50bps, the 50bp market will resolve to Yes and the 25bp market will resolve to No. Only one bucket, at maximum, can resolve to Yes.Clarification 10:10 AM ET 8/5/24: If a scheduled FOMC meeting is canceled and does not occur on its scheduled date, then all strikes in this market resolve to No.",,1,{'Cut': '25'},,
KXFEDDECISION-24DEC-H26,KXFEDDECISION-24DEC,binary,Will the Federal Reserve Hike rates by >25bps at their December 2024 meeting?,Hike >25bps,Hike >25bps,Hike >25bps,2024-10-30T14:00:00Z,2024-12-18T18:55:00Z,2024-12-18T19:05:00Z,2024-12-25T19:05:00Z,2024-12-25T19:05:00Z,3600,finalized,usd_cent,100,1.0,0,0.0,1,0.01,99,0.99,100,1.0,1,0.01,0,0.0,1,0.01,1,0.01,10665,0,0,0.0,10559,no,0.0,,True,,,0,custom,,"If the Federal Reserve does a Hike of >25bps on December 18, 2024, then the market resolves to Yes.","This market is mutually exclusive. Therefore, if the Federal Reserve hikes by 50bps, the 50bp market will resolve to Yes and the 25bp market will resolve to No. Only one bucket, at maximum, can resolve to Yes.Clarification 10:10 AM ET 8/5/24: If a scheduled FOMC meeting is canceled and does not occur on its scheduled date, then all strikes in this market resolve to No.",,1,{'Hike': '>25'},,
KXFEDDECISION-24DEC-H25,KXFEDDECISION-24DEC,binary,Will the Federal Reserve Hike rates by 25bps at their December 2024 meeting?,Hike 25bps,Hike 25bps,Hike 25bps,2024-10-30T14:00:00Z,2024-12-18T18:55:00Z,2024-12-18T19:05:00Z,2024-12-25T19:05:00Z,2024-12-25T19:05:00Z,3600,finalized,usd_cent,100,1.0,0,0.0,1,0.01,99,0.99,100,1.0,1,0.01,0,0.0,1,0.01,1,0.01,99564,0,0,0.0,96246,no,0.0,,True,,,0,custom,,"If the Federal Reserve does a Hike of 25bps on December 18, 2024, then the market resolves to Yes.","This market is mutually exclusive. Therefore, if the Federal Reserve hikes by 50bps, the 50bp market will resolve to Yes and the 25bp market will resolve to No. Only one bucket, at maximum, can resolve to Yes.Clarification 10:10 AM ET 8/5/24: If a scheduled FOMC meeting is canceled and does not occur on its scheduled date, then all strikes in this market resolve to No.",,1,{'Hike': '25'},,
KXFEDDECISION-24DEC-H0,KXFEDDECISION-24DEC,binary,Will the Federal Reserve Hike rates by 0bps at their December 2024 meeting?,Hike 0bps,No cut/hike,No cut/hike,2024-10-30T14:00:00Z,2024-12-18T18:55:00Z,2024-12-18T19:05:00Z,2024-12-25T19:05:00Z,2024-12-25T19:05:00Z,3600,finalized,usd_cent,100,1.0,1,0.01,3,0.03,97,0.97,99,0.99,3,0.03,1,0.01,3,0.03,3,0.03,1204354,0,862034,8620.34,457419,no,0.0,,True,,,0,custom,,"If the Federal Reserve does a Hike of 0bps on December 18, 2024, then the market resolves to Yes.","This market is mutually exclusive. Therefore, if the Federal Reserve hikes by 50bps, the 50bp market will resolve to Yes and the 25bp market will resolve to No. Only one bucket, at maximum, can resolve to Yes.Clarification 10:10 AM ET 8/5/24: If a scheduled FOMC meeting is canceled and does not occur on its scheduled date, then all strikes in this market resolve to No.",,1,{'Hike': '0'},,
KXFEDDECISION-24DEC-C25,KXFEDDECISION-24DEC,binary,Will the Federal Reserve Cut rates by 25bps at their December 2024 meeting?,Cut 25bps,Cut 25bps,Cut 25bps,2024-10-30T14:00:00Z,2024-12-18T18:55:00Z,2024-12-18T19:05:00Z,2024-12-25T19:05:00Z,2024-12-25T19:05:00Z,3600,finalized,usd_cent,100,1.0,97,0.97,99,0.99,1,0.01,3,0.03,97,0.97,97,0.97,99,0.99,97,0.97,1573321,0,0,0.0,793322,yes,100.0,1.0,True,Cut 25bps,,0,custom,,"If the Federal Reserve does a Cut of 25bps on December 18, 2024, then the market resolves to Yes.","This market is mutually exclusive. Therefore, if the Federal Reserve hikes by 50bps, the 50bp market will resolve to Yes and the 25bp market will resolve to No. Only one bucket, at maximum, can resolve to Yes.Clarification 10:10 AM ET 8/5/24: If a scheduled FOMC meeting is canceled and does not occur on its scheduled date, then all strikes in this market resolve to No.",,1,{'Cut': '25'},,
KXFEDDECISION-24DEC-C26,KXFEDDECISION-24DEC,binary,Will the Federal Reserve Cut rates by >25bps at their December 2024 meeting?,Cut >25bps,Cut >25bps,Cut >25bps,2024-10-30T14:00:00Z,2024-12-18T18:55:00Z,2024-12-18T19:05:00Z,2024-12-25T19:05:00Z,2024-12-25T19:05:00Z,3600,finalized,usd_cent,100,1.0,0,0.0,1,0.01,99,0.99,100,1.0,1,0.01,0,0.0,1,0.01,1,0.01,755775,0,-3110,-31.1,385576,no,0.0,,True,,,0,custom,,"If the Federal Reserve does a Cut of >25bps on December 18, 2024, then the market resolves to Yes.","This market is mutually exclusive. Therefore, if the Federal Reserve hikes by 50bps, the 50bp market will resolve to Yes and the 25bp market will resolve to No. Only one bucket, at maximum, can resolve to Yes.Clarification 10:10 AM ET 8/5/24: If a scheduled FOMC meeting is canceled and does not occur on its scheduled date, then all strikes in this market resolve to No.",,1,{'Cut': '>25'},,
FEDDECISION-24NOV-H26,FEDDECISION-24NOV,binary,Will the Federal Reserve Hike rates by >25bps at their November 2024 meeting?,Hike >25bps,Hike >25bps,Hike >25bps,2024-09-17T14:00:00Z,2024-11-07T18:55:00Z,2024-11-07T19:05:00Z,2024-11-14T19:05:00Z,2024-11-14T19:05:00Z,3600,finalized,usd_cent,100,1.0,0,0.0,1,0.01,99,0.99,100,1.0,1,0.01,0,0.0,1,0.01,1,0.01,199,0,0,0.0,199,no,0.0,,True,,,0,custom,,"If the Federal Reserve does a Hike of >25bps on November 07, 2024, then the market resolves to Yes.","This market is mutually exclusive. Therefore, if the Federal Reserve hikes by 50bps, the 50bp market will resolve to Yes and the 25bp market will resolve to No. Only one bucket, at maximum, can resolve to Yes.Clarification 10:10 AM ET 8/5/24: If a scheduled FOMC meeting is canceled and does not occur on its scheduled date, then all strikes in this market resolve to No.",,1,{'Hike': '>25'},,
FEDDECISION-24NOV-H25,FEDDECISION-24NOV,binary,Will the Federal Reserve Hike rates by 25bps at their November 2024 meeting?,Hike 25bps,Hike 25bps,Hike 25bps,2024-09-17T14:00:00Z,2024-11-07T18:55:00Z,2024-11-07T19:05:00Z,2024-11-14T19:05:00Z,2024-11-14T19:05:00Z,3600,finalized,usd_cent,100,1.0,0,0.0,1,0.01,99,0.99,100,1.0,1,0.01,0,0.0,1,0.01,1,0.01,5881,0,0,0.0,5881,no,0.0,,True,,,0,custom,,"If the Federal Reserve does a Hike of 25bps on November 07, 2024, then the market resolves to Yes.","This market is mutually exclusive. Therefore, if the Federal Reserve hikes by 50bps, the 50bp market will resolve to Yes and the 25bp market will resolve to No. Only one bucket, at maximum, can resolve to Yes.Clarification 10:10 AM ET 8/5/24: If a scheduled FOMC meeting is canceled and does not occur on its scheduled date, then all strikes in this market resolve to No.",,1,{'Hike': '25'},,
FEDDECISION-24NOV-H0,FEDDECISION-24NOV,binary,Will the Federal Reserve Hike rates by 0bps at their November 2024 meeting?,Hike 0bps,Hike 0bps,Hike 0bps,2024-09-17T14:00:00Z,2024-11-07T18:55:00Z,2024-11-07T19:05:00Z,2024-11-14T19:05:00Z,2024-11-14T19:05:00Z,3600,finalized,usd_cent,100,1.0,0,0.0,2,0.02,98,0.98,100,1.0,2,0.02,0,0.0,2,0.02,2,0.02,385296,0,10324,103.24,149763,no,0.0,,True,,,0,custom,,"If the Federal Reserve does a Hike of 0bps on November 07, 2024, then the market resolves to Yes.","This market is mutually exclusive. Therefore, if the Federal Reserve hikes by 50bps, the 50bp market will resolve to Yes and the 25bp market will resolve to No. Only one bucket, at maximum, can resolve to Yes.Clarification 10:10 AM ET 8/5/24: If a scheduled FOMC meeting is canceled and does not occur on its scheduled date, then all strikes in this market resolve to No.",,1,{'Hike': '0'},,
FEDDECISION-24NOV-C26,FEDDECISION-24NOV,binary,Will the Federal Reserve Cut rates by >25bps at their November 2024 meeting?,Cut >25bps,Cut >25bps,Cut >25bps,2024-09-17T14:00:00Z,2024-11-07T18:55:00Z,2024-11-07T19:05:00Z,2024-11-14T19:05:00Z,2024-11-14T19:05:00Z,3600,finalized,usd_cent,100,1.0,0,0.0,2,0.02,98,0.98,100,1.0,1,0.01,0,0.0,2,0.02,1,0.01,307242,0,4575000,45750.0,167383,no,0.0,,True,,,0,custom,,"If the Federal Reserve does a Cut of >25bps on November 07, 2024, then the market resolves to Yes.","This market is mutually exclusive. Therefore, if the Federal Reserve hikes by 50bps, the 50bp market will resolve to Yes and the 25bp market will resolve to No. Only one bucket, at maximum, can resolve to Yes.Clarification 10:10 AM ET 8/5/24: If a scheduled FOMC meeting is canceled and does not occur on its scheduled date, then all strikes in this market resolve to No.",,1,{'Cut': '>25'},,
FEDDECISION-24NOV-C25,FEDDECISION-24NOV,binary,Will the Federal Reserve Cut rates by 25bps at their November 2024 meeting?,Cut 25bps,Cut 25bps,Cut 25bps,2024-09-17T14:00:00Z,2024-11-07T18:55:00Z,2024-11-07T19:05:00Z,2024-11-14T19:05:00Z,2024-11-14T19:05:00Z,3600,finalized,usd_cent,100,1.0,95,0.95,100,1.0,0,0.0,5,0.05,93,0.93,95,0.95,100,1.0,93,0.93,406066,0,4275000,42750.0,235587,yes,100.0,1.0,True,Cut 25bps,,0,custom,,"If the Federal Reserve does a Cut of 25bps on November 07, 2024, then the market resolves to Yes.","This market is mutually exclusive. Therefore, if the Federal Reserve hikes by 50bps, the 50bp market will resolve to Yes and the 25bp market will resolve to No. Only one bucket, at maximum, can resolve to Yes.Clarification 10:10 AM ET 8/5/24: If a scheduled FOMC meeting is canceled and does not occur on its scheduled date, then all strikes in this market resolve to No.",,1,{'Cut': '25'},,
FEDDECISION-24SEP-H26,FEDDECISION-24SEP,binary,Will the Federal Reserve Hike rates by >25bps at their September 2024 meeting?,Hike >25bps,Hike >25bps,Hike >25bps,2024-07-30T14:00:00Z,2024-09-18T17:55:00Z,2024-09-18T18:05:00Z,2024-09-25T18:05:00Z,2024-09-25T18:05:00Z,3600,finalized,usd_cent,100,1.0,0,0.0,1,0.01,99,0.99,100,1.0,1,0.01,0,0.0,1,0.01,0,0.0,57,0,0,0.0,57,no,0.0,,True,,,0,custom,,"If the Federal Reserve does a Hike of >25bps on September 18, 2024 , then the market resolves to Yes.","This market is mutually exclusive. Therefore, if the Federal Reserve hikes by 50bps, the 50bp market will resolve to Yes and the 25bp market will resolve to No. Only one bucket, at maximum, can resolve to Yes. 

Clarification 10:10 AM ET 8/5/24: If a scheduled FOMC meeting is cancelled and does not occur on its scheduled date, then all strikes in this market resolve to No.",,1,{'Hike': '>25'},,
FEDDECISION-24SEP-H25,FEDDECISION-24SEP,binary,Will the Federal Reserve Hike rates by 25bps at their September 2024 meeting?,Hike 25bps,Hike 25bps,Hike 25bps,2024-07-30T14:00:00Z,2024-09-18T17:55:00Z,2024-09-18T18:05:00Z,2024-09-25T18:05:00Z,2024-09-25T18:05:00Z,3600,finalized,usd_cent,100,1.0,0,0.0,1,0.01,99,0.99,100,1.0,1,0.01,0,0.0,1,0.01,0,0.0,1316,0,0,0.0,1316,no,0.0,,True,,,0,custom,,"If the Federal Reserve does a Hike of 25bps on September 18, 2024 , then the market resolves to Yes.","This market is mutually exclusive. Therefore, if the Federal Reserve hikes by 50bps, the 50bp market will resolve to Yes and the 25bp market will resolve to No. Only one bucket, at maximum, can resolve to Yes. 

Clarification 10:10 AM ET 8/5/24: If a scheduled FOMC meeting is cancelled and does not occur on its scheduled date, then all strikes in this market resolve to No.",,1,{'Hike': '25'},,
FEDDECISION-24SEP-H0,FEDDECISION-24SEP,binary,Will the Federal Reserve Hike rates by 0bps at their September 2024 meeting?,Hike 0bps,Hike 0bps,Hike 0bps,2024-07-30T14:00:00Z,2024-09-18T17:55:00Z,2024-09-18T18:05:00Z,2024-09-25T18:05:00Z,2024-09-25T18:05:00Z,3600,finalized,usd_cent,100,1.0,0,0.0,1,0.01,99,0.99,100,1.0,1,0.01,0,0.0,1,0.01,0,0.0,718309,0,0,0.0,500928,no,0.0,,True,,,0,custom,,"If the Federal Reserve does a Hike of 0bps on September 18, 2024 , then the market resolves to Yes.","This market is mutually exclusive. Therefore, if the Federal Reserve hikes by 50bps, the 50bp market will resolve to Yes and the 25bp market will resolve to No. Only one bucket, at maximum, can resolve to Yes. 

Clarification 10:10 AM ET 8/5/24: If a scheduled FOMC meeting is cancelled and does not occur on its scheduled date, then all strikes in this market resolve to No.",,1,{'Hike': '0'},,
FEDDECISION-24SEP-C26,FEDDECISION-24SEP,binary,Will the Federal Reserve Cut rates by >25bps at their September 2024 meeting?,Cut >25bps,Cut >25bps,Cut >25bps,2024-07-30T14:00:00Z,2024-09-18T17:55:00Z,2024-09-18T18:05:00Z,2024-09-25T18:05:00Z,2024-09-25T18:05:00Z,3600,finalized,usd_cent,100,1.0,40,0.4,59,0.59,41,0.41,60,0.6,40,0.4,40,0.4,59,0.59,0,0.0,920181,0,0,0.0,334304,yes,100.0,1.0,True,-50.0,,0,custom,,"If the Federal Reserve does a Cut of >25bps on September 18, 2024 , then the market resolves to Yes.","This market is mutually exclusive. Therefore, if the Federal Reserve hikes by 50bps, the 50bp market will resolve to Yes and the 25bp market will resolve to No. Only one bucket, at maximum, can resolve to Yes. 

Clarification 10:10 AM ET 8/5/24: If a scheduled FOMC meeting is cancelled and does not occur on its scheduled date, then all strikes in this market resolve to No.",,1,{'Cut': '>25'},,
FEDDECISION-24SEP-C25,FEDDECISION-24SEP,binary,Will the Federal Reserve Cut rates by 25bps at their September 2024 meeting?,Cut 25bps,Cut 25bps,Cut 25bps,2024-07-30T14:00:00Z,2024-09-18T17:55:00Z,2024-09-18T18:05:00Z,2024-09-25T18:05:00Z,2024-09-25T18:05:00Z,3600,finalized,usd_cent,100,1.0,45,0.45,63,0.63,37,0.37,55,0.55,63,0.63,45,0.45,63,0.63,0,0.0,807315,0,0,0.0,217984,no,0.0,,True,,,0,custom,,"If the Federal Reserve does a Cut of 25bps on September 18, 2024 , then the market resolves to Yes.","This market is mutually exclusive. Therefore, if the Federal Reserve hikes by 50bps, the 50bp market will resolve to Yes and the 25bp market will resolve to No. Only one bucket, at maximum, can resolve to Yes. 

Clarification 10:10 AM ET 8/5/24: If a scheduled FOMC meeting is cancelled and does not occur on its scheduled date, then all strikes in this market resolve to No.",,1,{'Cut': '25'},,
FEDDECISION-24JUL-H26,FEDDECISION-24JUL,binary,Will the Federal Reserve Hike rates by >25bps at their July 2024 meeting?,Hike >25bps,Hike >25bps,Outside Hike >25bps,2024-06-11T14:00:00Z,2024-07-31T17:55:00Z,2024-07-31T18:05:00Z,2024-08-07T18:05:00Z,2024-08-07T18:05:00Z,3600,finalized,usd_cent,100,1.0,0,0.0,1,0.01,99,0.99,100,1.0,1,0.01,0,0.0,1,0.01,1,0.01,7,0,0,0.0,7,no,0.0,,True,,,0,custom,,"If the Federal Reserve does a Hike of >25bps, then the market resolves to Yes.","This market is mutually exclusive. Therefore, if the Federal Reserve hikes by 50bps, the 50bp market will resolve to Yes and the 25bp market will resolve to No. Only one bucket, at maximum, can resolve to Yes.",,1,{'Hike': '>25'},,
FEDDECISION-24JUL-H25,FEDDECISION-24JUL,binary,Will the Federal Reserve Hike rates by 25bps at their July 2024 meeting?,Hike 25bps,Hike 25bps,Outside Hike 25bps,2024-06-11T14:00:00Z,2024-07-31T17:55:00Z,2024-07-31T18:05:00Z,2024-08-07T18:05:00Z,2024-08-07T18:05:00Z,3600,finalized,usd_cent,100,1.0,0,0.0,1,0.01,99,0.99,100,1.0,1,0.01,0,0.0,1,0.01,1,0.01,29746,2000,0,0.0,29746,no,0.0,,True,,,0,custom,,"If the Federal Reserve does a Hike of 25bps, then the market resolves to Yes.","This market is mutually exclusive. Therefore, if the Federal Reserve hikes by 50bps, the 50bp market will resolve to Yes and the 25bp market will resolve to No. Only one bucket, at maximum, can resolve to Yes.",,1,{'Hike': '25'},,
FEDDECISION-24JUL-H0,FEDDECISION-24JUL,binary,Will the Federal Reserve Hike rates by 0bps at their July 2024 meeting?,Hike 0bps,Hike 0bps,Outside Hike 0bps,2024-06-11T14:00:00Z,2024-07-31T17:55:00Z,2024-07-31T18:05:00Z,2024-08-07T18:05:00Z,2024-08-07T18:05:00Z,3600,finalized,usd_cent,100,1.0,97,0.97,99,0.99,1,0.01,3,0.03,98,0.98,97,0.97,98,0.98,98,0.98,513208,33706,0,0.0,274703,yes,100.0,1.0,True,0.0,,0,custom,,"If the Federal Reserve does a Hike of 0bps, then the market resolves to Yes.","This market is mutually exclusive. Therefore, if the Federal Reserve hikes by 50bps, the 50bp market will resolve to Yes and the 25bp market will resolve to No. Only one bucket, at maximum, can resolve to Yes.",,1,{'Hike': '0'},,
FEDDECISION-24JUL-C25,FEDDECISION-24JUL,binary,Will the Federal Reserve Cut rates by 25bps at their July 2024 meeting?,Cut 25bps,Cut 25bps,Outside Cut 25bps,2024-06-11T14:00:00Z,2024-07-31T17:55:00Z,2024-07-31T18:05:00Z,2024-08-07T18:05:00Z,2024-08-07T18:05:00Z,3600,finalized,usd_cent,100,1.0,2,0.02,3,0.03,97,0.97,98,0.98,3,0.03,2,0.02,3,0.03,2,0.02,566064,26796,0,0.0,149752,no,0.0,,True,,,0,custom,,"If the Federal Reserve does a Cut of 25bps, then the market resolves to Yes.","This market is mutually exclusive. Therefore, if the Federal Reserve hikes by 50bps, the 50bp market will resolve to Yes and the 25bp market will resolve to No. Only one bucket, at maximum, can resolve to Yes.",,1,{'Cut': '25'},,
FEDDECISION-24JUL-C26,FEDDECISION-24JUL,binary,Will the Federal Reserve Cut rates by >25bps at their July 2024 meeting?,Cut >25bps,Cut >25bps,Outside Cut >25bps,2024-06-11T14:00:00Z,2024-07-31T17:55:00Z,2024-07-31T18:05:00Z,2024-08-07T18:05:00Z,2024-08-07T18:05:00Z,3600,finalized,usd_cent,100,1.0,0,0.0,1,0.01,99,0.99,100,1.0,1,0.01,0,0.0,1,0.01,1,0.01,2549,0,0,0.0,2549,no,0.0,,True,,,0,custom,,"If the Federal Reserve does a Cut of >25bps, then the market resolves to Yes.","This market is mutually exclusive. Therefore, if the Federal Reserve hikes by 50bps, the 50bp market will resolve to Yes and the 25bp market will resolve to No. Only one bucket, at maximum, can resolve to Yes.",,1,{'Cut': '>25'},,
FEDDECISION-24JUN-H25,FEDDECISION-24JUN,binary,Will the Federal Reserve Hike rates by 25bps at their June 2024 meeting?,Hike 25bps,Hike 25bps,Outside Hike 25bps,2024-05-01T14:00:00Z,2024-06-12T17:55:00Z,2024-06-12T18:05:00Z,2024-06-19T18:05:00Z,2024-06-19T18:05:00Z,3600,finalized,usd_cent,100,1.0,0,0.0,1,0.01,99,0.99,100,1.0,1,0.01,0,0.0,1,0.01,1,0.01,22016,3311,0,0.0,21907,no,0.0,,True,,,0,custom,,"If the Federal Reserve does a Hike of 25bps, then the market resolves to Yes.","This market is mutually exclusive. Therefore, if the Federal Reserve hikes by 50bps, the 50bp market will resolve to Yes and the 25bp market will resolve to No. Only one bucket, at maximum, can resolve to Yes.",,1,{'Hike': '25'},,
FEDDECISION-24JUN-H0,FEDDECISION-24JUN,binary,Will the Federal Reserve Hike rates by 0bps at their June 2024 meeting?,Hike 0bps,Hike 0bps,Outside Hike 0bps,2024-05-01T14:00:00Z,2024-06-12T17:55:00Z,2024-06-12T18:05:00Z,2024-06-19T18:05:00Z,2024-06-19T18:05:00Z,3600,finalized,usd_cent,100,1.0,98,0.98,99,0.99,1,0.01,2,0.02,98,0.98,98,0.98,100,1.0,99,0.99,458584,24668,0,0.0,199101,yes,100.0,1.0,True,0.0,,0,custom,,"If the Federal Reserve does a Hike of 0bps, then the market resolves to Yes.","This market is mutually exclusive. Therefore, if the Federal Reserve hikes by 50bps, the 50bp market will resolve to Yes and the 25bp market will resolve to No. Only one bucket, at maximum, can resolve to Yes.",,1,{'Hike': '0'},,
FEDDECISION-24JUN-C25,FEDDECISION-24JUN,binary,Will the Federal Reserve Cut rates by 25bps at their June 2024 meeting?,Cut 25bps,Cut 25bps,Outside Cut 25bps,2024-05-01T14:00:00Z,2024-06-12T17:55:00Z,2024-06-12T18:05:00Z,2024-06-19T18:05:00Z,2024-06-19T18:05:00Z,3600,finalized,usd_cent,100,1.0,0,0.0,2,0.02,98,0.98,100,1.0,2,0.02,0,0.0,2,0.02,1,0.01,407221,7149,0,0.0,64455,no,0.0,,True,,,0,custom,,"If the Federal Reserve does a Cut of 25bps, then the market resolves to Yes.","This market is mutually exclusive. Therefore, if the Federal Reserve hikes by 50bps, the 50bp market will resolve to Yes and the 25bp market will resolve to No. Only one bucket, at maximum, can resolve to Yes.",,1,{'Cut': '25'},,
FEDDECISION-24JUN-C26,FEDDECISION-24JUN,binary,Will the Federal Reserve Cut rates by >25bps at their June 2024 meeting?,Cut >25bps,Cut >25bps,Outside Cut >25bps,2024-05-01T14:00:00Z,2024-06-12T17:55:00Z,2024-06-12T18:05:00Z,2024-06-19T18:05:00Z,2024-06-19T18:05:00Z,3600,finalized,usd_cent,100,1.0,0,0.0,1,0.01,99,0.99,100,1.0,1,0.01,0,0.0,1,0.01,1,0.01,1205,600,0,0.0,1205,no,0.0,,True,,,0,custom,,"If the Federal Reserve does a Cut of >25bps, then the market resolves to Yes.","This market is mutually exclusive. Therefore, if the Federal Reserve hikes by 50bps, the 50bp market will resolve to Yes and the 25bp market will resolve to No. Only one bucket, at maximum, can resolve to Yes.",,1,{'Cut': '>25'},,
FEDDECISION-24MAY-H26,FEDDECISION-24MAY,binary,Will the Federal Reserve Hike rates by >25bps at their May 2024 meeting?,Hike >25bps,Hike >25bps,Outside Hike >25bps,2024-03-20T18:05:00Z,2024-05-01T17:55:00Z,2024-05-01T18:05:00Z,2024-05-08T18:05:00Z,2024-05-08T18:05:00Z,3600,finalized,usd_cent,100,1.0,0,0.0,1,0.01,99,0.99,100,1.0,1,0.01,0,0.0,1,0.01,1,0.01,1041,0,0,0.0,1041,no,0.0,,True,,,0,custom,,"If the Federal Reserve does a Hike of >25bps, then the market resolves to Yes.","This market is mutually exclusive. Therefore, if the Federal Reserve hikes by 50bps, the 50bp market will resolve to Yes and the 25bp market will resolve to No. Only one bucket, at maximum, can resolve to Yes.",,1,{'Hike': '>25'},,
FEDDECISION-24MAY-H25,FEDDECISION-24MAY,binary,Will the Federal Reserve Hike rates by 25bps at their May 2024 meeting?,Hike 25bps,Hike 25bps,Outside Hike 25bps,2024-03-20T18:05:00Z,2024-05-01T17:55:00Z,2024-05-01T18:05:00Z,2024-05-08T18:05:00Z,2024-05-08T18:05:00Z,3600,finalized,usd_cent,100,1.0,0,0.0,1,0.01,99,0.99,100,1.0,2,0.02,0,0.0,2,0.02,2,0.02,20983,1804,0,0.0,18932,no,0.0,,True,,,0,custom,,"If the Federal Reserve does a Hike of 25bps, then the market resolves to Yes.","This market is mutually exclusive. Therefore, if the Federal Reserve hikes by 50bps, the 50bp market will resolve to Yes and the 25bp market will resolve to No. Only one bucket, at maximum, can resolve to Yes.",,1,{'Hike': '25'},,
FEDDECISION-24MAY-H0,FEDDECISION-24MAY,binary,Will the Federal Reserve Hike rates by 0bps at their May 2024 meeting?,Hike 0bps,Hike 0bps,Outside Hike 0bps,2024-03-20T18:05:00Z,2024-05-01T17:55:00Z,2024-05-01T18:05:00Z,2024-05-08T18:05:00Z,2024-05-08T18:05:00Z,3600,finalized,usd_cent,100,1.0,99,0.99,100,1.0,0,0.0,1,0.01,99,0.99,99,0.99,100,1.0,99,0.99,333580,530,0,0.0,148609,yes,100.0,1.0,True,Hike 0bps,,0,custom,,"If the Federal Reserve does a Hike of 0bps, then the market resolves to Yes.","This market is mutually exclusive. Therefore, if the Federal Reserve hikes by 50bps, the 50bp market will resolve to Yes and the 25bp market will resolve to No. Only one bucket, at maximum, can resolve to Yes.",,1,{'Hike': '0'},,
FEDDECISION-24MAY-C25,FEDDECISION-24MAY,binary,Will the Federal Reserve Cut rates by 25bps at their May 2024 meeting?,Cut 25bps,Cut 25bps,Outside Cut 25bps,2024-03-20T18:05:00Z,2024-05-01T17:55:00Z,2024-05-01T18:05:00Z,2024-05-08T18:05:00Z,2024-05-08T18:05:00Z,3600,finalized,usd_cent,100,1.0,0,0.0,1,0.01,99,0.99,100,1.0,1,0.01,0,0.0,1,0.01,1,0.01,248882,0,0,0.0,64174,no,0.0,,True,,,0,custom,,"If the Federal Reserve does a Cut of 25bps, then the market resolves to Yes.","This market is mutually exclusive. Therefore, if the Federal Reserve hikes by 50bps, the 50bp market will resolve to Yes and the 25bp market will resolve to No. Only one bucket, at maximum, can resolve to Yes.",,1,{'Cut': '25'},,
FEDDECISION-24MAY-C26,FEDDECISION-24MAY,binary,Will the Federal Reserve Cut rates by >25bps at their May 2024 meeting?,Cut >25bps,Cut >25bps,Outside Cut >25bps,2024-03-20T18:05:00Z,2024-05-01T17:55:00Z,2024-05-01T18:05:00Z,2024-05-08T18:05:00Z,2024-05-08T18:05:00Z,3600,finalized,usd_cent,100,1.0,0,0.0,1,0.01,99,0.99,100,1.0,1,0.01,0,0.0,1,0.01,1,0.01,14712,102,0,0.0,9686,no,0.0,,True,,,0,custom,,"If the Federal Reserve does a Cut of >25bps, then the market resolves to Yes.","This market is mutually exclusive. Therefore, if the Federal Reserve hikes by 50bps, the 50bp market will resolve to Yes and the 25bp market will resolve to No. Only one bucket, at maximum, can resolve to Yes.",,1,{'Cut': '>25'},,
FEDDECISION-24MAR20-H26,FEDDECISION-24MAR20,binary,Will the Federal Reserve Hike rates by >25bps at their March 2024 meeting?,Hike >25bps,Hike >25bps,Outside Hike >25bps,2024-01-31T19:05:00Z,2024-03-20T17:55:00Z,2024-03-20T18:05:00Z,2024-03-27T18:05:00Z,2024-03-27T18:05:00Z,3600,finalized,usd_cent,100,1.0,0,0.0,1,0.01,99,0.99,100,1.0,1,0.01,0,0.0,1,0.01,0,0.0,84,0,0,0.0,69,no,0.0,,True,,,0,custom,,"If the Federal Reserve does a Hike of >25bps, then the market resolves to Yes.","This market is mutually exclusive. Therefore, if the Federal Reserve hikes by 50bps, the 50bp market will resolve to Yes and the 25bp market will resolve to No. Only one bucket, at maximum, can resolve to Yes.",,1,{'Hike': '>25'},,
FEDDECISION-24MAR20-H25,FEDDECISION-24MAR20,binary,Will the Federal Reserve Hike rates by 25bps at their March 2024 meeting?,Hike 25bps,Hike 25bps,Outside Hike 25bps,2024-01-31T19:05:00Z,2024-03-20T17:55:00Z,2024-03-20T18:05:00Z,2024-03-27T18:05:00Z,2024-03-27T18:05:00Z,3600,finalized,usd_cent,100,1.0,0,0.0,1,0.01,99,0.99,100,1.0,1,0.01,0,0.0,1,0.01,3,0.03,15481,0,0,0.0,8381,no,0.0,,True,,,0,custom,,"If the Federal Reserve does a Hike of 25bps, then the market resolves to Yes.","This market is mutually exclusive. Therefore, if the Federal Reserve hikes by 50bps, the 50bp market will resolve to Yes and the 25bp market will resolve to No. Only one bucket, at maximum, can resolve to Yes.",,1,{'Hike': '25'},,
FEDDECISION-24MAR20-H0,FEDDECISION-24MAR20,binary,Will the Federal Reserve Hike rates by 0bps at their March 2024 meeting?,Hike 0bps,Hike 0bps,Outside Hike 0bps,2024-01-31T19:05:00Z,2024-03-20T17:55:00Z,2024-03-20T18:05:00Z,2024-03-27T18:05:00Z,2024-03-27T18:05:00Z,3600,finalized,usd_cent,100,1.0,98,0.98,100,1.0,0,0.0,2,0.02,99,0.99,99,0.99,100,1.0,97,0.97,255738,1135,0,0.0,80123,yes,100.0,1.0,True,Hike 0bps,,0,custom,,"If the Federal Reserve does a Hike of 0bps, then the market resolves to Yes.","This market is mutually exclusive. Therefore, if the Federal Reserve hikes by 50bps, the 50bp market will resolve to Yes and the 25bp market will resolve to No. Only one bucket, at maximum, can resolve to Yes.",,1,{'Hike': '0'},,
FEDDECISION-24MAR20-C25,FEDDECISION-24MAR20,binary,Will the Federal Reserve Cut rates by 25bps at their March 2024 meeting?,Cut 25bps,Cut 25bps,Outside Cut 25bps,2024-01-31T19:05:00Z,2024-03-20T17:55:00Z,2024-03-20T18:05:00Z,2024-03-27T18:05:00Z,2024-03-27T18:05:00Z,3600,finalized,usd_cent,100,1.0,0,0.0,1,0.01,99,0.99,100,1.0,1,0.01,0,0.0,1,0.01,3,0.03,133511,1595,0,0.0,39533,no,0.0,,True,,,0,custom,,"If the Federal Reserve does a Cut of 25bps, then the market resolves to Yes.","This market is mutually exclusive. Therefore, if the Federal Reserve hikes by 50bps, the 50bp market will resolve to Yes and the 25bp market will resolve to No. Only one bucket, at maximum, can resolve to Yes.",,1,{'Cut': '25'},,
FEDDECISION-24MAR20-C26,FEDDECISION-24MAR20,binary,Will the Federal Reserve Cut rates by >25bps at their March 2024 meeting?,Cut >25bps,Cut >25bps,Outside Cut >25bps,2024-01-31T19:05:00Z,2024-03-20T17:55:00Z,2024-03-20T18:05:00Z,2024-03-27T18:05:00Z,2024-03-27T18:05:00Z,3600,finalized,usd_cent,100,1.0,0,0.0,1,0.01,99,0.99,100,1.0,1,0.01,0,0.0,1,0.01,1,0.01,30855,0,0,0.0,7748,no,0.0,,True,,,0,custom,,"If the Federal Reserve does a Cut of >25bps, then the market resolves to Yes.","This market is mutually exclusive. Therefore, if the Federal Reserve hikes by 50bps, the 50bp market will resolve to Yes and the 25bp market will resolve to No. Only one bucket, at maximum, can resolve to Yes.",,1,{'Cut': '>25'},,
FEDRATEMIN-24DEC31-T5.25,FEDRATEMIN-24DEC31,binary,Will the Federal Reserve cut rates below 5.25%?,5.25%,Lower than 5.25%,5.25% or above,2024-04-23T14:00:00Z,2024-09-20T15:11:17.012802Z,2024-12-31T15:00:00Z,2025-01-01T15:00:00Z,2025-01-01T15:00:00Z,3600,finalized,usd_cent,100,1.0,91,0.91,100,1.0,0,0.0,9,0.09,99,0.99,91,0.91,100,1.0,0,0.0,21707,0,0,0.0,10060,yes,100.0,1.0,True,Yes,,0,less,,"If the upper bound of the target rate range is below 5.25 in 2024, then the market resolves to Yes.",,"If this event occurs, the market will close the following 10am ET.",1,,5.25,
FEDRATEMIN-24DEC31-T5.00,FEDRATEMIN-24DEC31,binary,Will the Federal Reserve cut rates below 5.00%?,5.00%,Lower than 5.00%,5.00% or above,2023-12-14T21:45:00Z,2024-11-19T15:27:19.907342Z,2024-12-31T15:00:00Z,2025-01-01T15:00:00Z,2025-01-01T15:00:00Z,3600,finalized,usd_cent,100,1.0,86,0.86,100,1.0,0,0.0,14,0.14,99,0.99,86,0.86,100,1.0,99,0.99,16609,0,0,0.0,7167,yes,100.0,1.0,True,Yes,,0,less,,"If the upper bound of the target rate range is below 5.00 in 2024, then the market resolves to Yes.",,"If this event occurs, the market will close the following 10am ET.",1,,5.0,
FEDRATEMIN-24DEC31-T4.75,FEDRATEMIN-24DEC31,binary,Will the Federal Reserve cut rates below 4.75%?,4.75%,Lower than 4.75%,4.75% or above,2023-12-14T21:45:00Z,2024-12-18T19:15:11.579865Z,2024-12-31T15:00:00Z,2025-01-01T15:00:00Z,2025-01-01T15:00:00Z,3600,finalized,usd_cent,100,1.0,99,0.99,100,1.0,0,0.0,1,0.01,98,0.98,99,0.99,100,1.0,98,0.98,30674,0,0,0.0,14554,yes,100.0,1.0,True,Yes,,0,less,,"If the upper bound of the target rate range is below 4.75 in 2024, then the market resolves to Yes.",,"If this event occurs, the market will close the following 10am ET.",1,,4.75,
FEDRATEMIN-24DEC31-T4.50,FEDRATEMIN-24DEC31,binary,Will the Federal Reserve cut rates below 4.50%?,4.50%,Lower than 4.50%,4.50% or above,2023-12-14T21:45:00Z,2025-01-01T04:59:00Z,2024-12-31T15:00:00Z,2025-01-01T15:00:00Z,2025-01-01T15:00:00Z,3600,finalized,usd_cent,100,1.0,0,0.0,12,0.12,88,0.88,100,1.0,12,0.12,0,0.0,12,0.12,12,0.12,27992,0,0,0.0,11473,no,0.0,,True,No,,0,less,,"If the upper bound of the target rate range is below 4.50 in 2024, then the market resolves to Yes.",,"If this event occurs, the market will close the following 10am ET.",1,,4.5,
FEDRATEMIN-24DEC31-T4.00,FEDRATEMIN-24DEC31,binary,Will the Federal Reserve cut rates below 4.00%?,4.00%,Lower than 4.00%,4.00% or above,2023-12-14T21:45:00Z,2025-01-01T04:59:00Z,2024-12-31T15:00:00Z,2025-01-01T15:00:00Z,2025-01-01T15:00:00Z,3600,finalized,usd_cent,100,1.0,0,0.0,1,0.01,99,0.99,100,1.0,1,0.01,0,0.0,1,0.01,1,0.01,15205,0,0,0.0,9278,no,0.0,,True,No,,0,less,,"If the upper bound of the target rate range is below 4.00 in 2024, then the market resolves to Yes.",,"If this event occurs, the market will close the following 10am ET.",1,,4.0,
FEDRATEMIN-24DEC31-T3.00,FEDRATEMIN-24DEC31,binary,Will the Federal Reserve cut rates below 3.00%?,3.00%,Lower than 3.00%,3.00% or above,2023-12-14T21:45:00Z,2025-01-01T04:59:00Z,2024-12-31T15:00:00Z,2025-01-01T15:00:00Z,2025-01-01T15:00:00Z,3600,finalized,usd_cent,100,1.0,0,0.0,1,0.01,99,0.99,100,1.0,5,0.05,0,0.0,1,0.01,5,0.05,4697,0,0,0.0,4633,no,0.0,,True,No,,0,less,,"If the upper bound of the target rate range is below 3.00 in 2024, then the market resolves to Yes.",,"If this event occurs, the market will close the following 10am ET.",1,,3.0,
FEDRATEMIN-24DEC31-T0.50,FEDRATEMIN-24DEC31,binary,Will the Federal Reserve cut rates below 0.50%?,0.50%,Lower than 0.50%,0.50% or above,2023-12-14T21:45:00Z,2025-01-01T04:59:00Z,2024-12-31T15:00:00Z,2025-01-01T15:00:00Z,2025-01-01T15:00:00Z,3600,finalized,usd_cent,100,1.0,0,0.0,1,0.01,99,0.99,100,1.0,1,0.01,0,0.0,1,0.01,1,0.01,324,0,0,0.0,108,no,0.0,,True,No,,0,less,,"If the upper bound of the target rate range is below 0.50 in 2024, then the market resolves to Yes.",,"If this event occurs, the market will close the following 10am ET.",1,,0.5,
